code,icao,name,latitude,longitude,elevation,url,time_zone,city_code,country,city,state,county,type
KHH,NTGA,Sân bay qu?c t? Cao Hùng,-17.3506654,-145.5111199,36,,Pacific/Tahiti,AAA,PF,,,,AP
TPE,YARY,Sân bay qu?c t? ?ào Viên ?ài Loan,-26.6967835,141.049092,328,,Australia/Brisbane,AAB,AU,Tanbar,Queensland,Barcoo Shire,AP
TSA,HEAR,Sân bay Tùng S?n ?ài B?c,31.0742836,33.82917152,85,,Africa/Cairo,AAC,EG,Arish,Muhafazat Shamal Sina',,AP
RMQ,HCAD,Sân bay ?ài Trung,6.09628635,46.63770837,980,,Africa/Khartoum,AAD,SO,Adado,,,AP
PUS,DABB,Sân bay qu?c t? Gimhae,36.821392,7.811857,36,,Africa/Algiers,AAE,DZ,El Hadjar,Annaba,,AP
CJJ,KAAF,Sân bay qu?c t? Cheongju,29.7302356,-85.02964472,19,,America/New_York,AAF,US,Apalachicola,Florida,Franklin County,AP
TAE,SSYA,Sân bay qu?c t? Daegu,-24.1037812,-49.78949435,2608,,America/Sao_Paulo,AAG,BR,Jaguariaiva,Parana,Jaguariaiva,AP
KUL,EDKA,,50.75,6.133333,754,https://www.flugplatz-aachen.de,Europe/Berlin,AAH,DE,,,,AP
CJU,SWRA,Sân bay qu?c t? Jeju,-12.916667,-46.933334,2490,,America/Araguaina,AAI,BR,Campos Belos,Goias,Campos Belos,AP
ICN,SMCA,Sân bay qu?c t? Incheon,3.8987445,-55.5779688,278,,America/Paramaribo,AAJ,SR,Kajana,Sipaliwini,Boven Suriname,AP
SYD,NGUK,,0.166667,173.58333,0,,Pacific/Tarawa,AAK,KI,,,,AP
MWX,EKYT,Sân bay qu?c t? Muan,57.0864352,9.868075521,19,http://www.aal.dk,Europe/Copenhagen,AAL,DK,Vadum,North Denmark,Alborg Kommune,AP
GMP,FAMD,Sân bay qu?c t? Gimpo,-24.8,31.533333,1082,,Africa/Johannesburg,AAM,ZA,,,,AP
HNO,OMAL,,24.260231,55.616627,830,,Asia/Dubai,AAN,AE,,,,AP
BKK,SVAN,Sân bay BangKok - Thái Lan,9.4298739,-64.47086335,692,,America/Caracas,AAO,VE,Anaco,Anzoategui,Municipio Anaco,AP
TNN,WALS,Sân bay ?ài Nam,-0.373611,117.255556,154,http://www.proyek.dishubprovkaltim.info/?pro=1,Asia/Jakarta,AAP,ID,,,,AP
YNY,URKA,Sân bay qu?c t? Yangyang,45.00265265,37.34498314,137,http://basel.aero/en/anapa/,Europe/Moscow,AAQ,RU,Anapa,Krasnodarskiy,,AP
HKG,EKAH,Sân bay qu?c t? H?ng Kông,56.30454255,10.61284982,45,http://www.aar.dk/default.asp?id=87,Europe/Copenhagen,AAR,DK,Ebeltoft,Central Jutland,Syddjurs Kommune,AP
AXT,,Sân bay Akita,-3.880849,139.3107061,3005,,Asia/Jayapura,AAS,ID,,,,AP
AOJ,ZWAT,Sân bay Aomori,47.74833705,88.08948249,2408,,Asia/Urumqi,AAT,CN,Awiytan,Xinjiang Uygur Zizhiqu,,AP
FUK,NSAU,Sân bay Fukuoka,-13.458333,-172.6,0,,Pacific/Apia,AAU,WS,Asau,Vaisigano,,AP
HKD,RPMA,Sân bay Hakodate,6.36768745,124.7526616,629,,Asia/Manila,AAV,PH,Surallah,South Cotabato,,AP
KOJ,OPAB,Sân bay Kagoshima,34.2,73.25,4061,,Asia/Karachi,AAW,PK,Abbottabad,Khyber Pakhtunkhwa,,AP
KMQ,SBAX,Sân bay Komatsu,-19.563132,-46.96040575,3267,,America/Sao_Paulo,AAX,BR,Araxa,Minas Gerais,Araxa,AP
KKJ,OYGD,Sân bay Kitakyushu,16.1879658,52.17271502,114,,Asia/Aden,AAY,YE,Al Ghayzah,Al Mahrah,Al Ghaydah,AP
HIJ,MGQZ,Sân bay Hiroshima,14.8611558,-91.50677134,7795,,America/Guatemala,AAZ,GT,Olintepeque,Quetzaltenango,,AP
NGS,UNAA,Sân bay Nagasaki,53.716667,91.5,807,,Asia/Krasnoyarsk,ABA,RU,Podsineye,Khakasiya,,AP
NGO,DNAS,Sân bay qu?c t? Chubu,6.20565465,6.663854565,216,,Africa/Lagos,ABB,NG,Asaba,,,AP
NRT,LEAB,Sân bay qu?c t? Narita,38.948334,-1.863333,2276,http://www.aena.es/csee/Satellite?cid=1046767815090&pagename=subHome&Language=EN_GB&SiteName=LEAB&c=Page,Europe/Madrid,ABC,ES,,,,AP
KIJ,OIAA,Sân bay Niigata,30.3668469,48.22843951,26,,Asia/Tehran,ABD,IR,Abadan,Khuzestan,,AP
OIT,KABE,Sân bay Oita,40.6511631,-75.44225387,374,,America/New_York,ABE,US,Catasauqua,Pennsylvania,Lehigh County,AP
OKJ,NGAB,Sân bay Okayama,1.670833,173.30417,0,,Pacific/Tarawa,ABF,KI,Buota Village,Gilbert Islands,Tarawa,AP
KIX,YABI,Sân bay qu?c t? Kansai,-17.666668,143.2,600,,Australia/Brisbane,ABG,AU,,,,AP
CTS,YAPH,Sân bay New Chitose,-23.65,146.63333,1190,,Australia/Brisbane,ABH,AU,,,,AP
SDJ,KABI,Sân bay Sendai,32.40774375,-99.67936993,1791,,America/Chicago,ABI,US,,,,AP
FSZ,DIAP,Sân bay Shizuoka,5.2649283,-3.925957339,42,,Africa/Abidjan,ABJ,CI,Abidjan,Lagunes,,AP
HND,HAKD,Sân bay qu?c t? Tokyo,6.733889,44.26611,1738,,Africa/Addis_Ababa,ABK,ET,,,,AP
MFM,PAFM,Sân bay qu?c t? Ma Cao,67.1058333,-157.8536111,190,,America/Anchorage,ABL,US,,,,AP
ULN,YNPE,Sân bay qu?c t? Thành Cát T? Hãn,-10.942619,142.45033,98,http://www.nparc.qld.gov.au/airport,Australia/Brisbane,ABM,AU,,,,AP
FNJ,SMBN,Sân bay qu?c t? Sunan,5.5,-54.083332,108,,America/Paramaribo,ABN,SR,,,,AP
PEK,DIAO,Sân bay qu?c t? Th? ?ô B?c Kinh,5.433333,-3.216667,95,,Africa/Abidjan,ABO,CI,Aboisso,Sud-Comoe,,AP
HRB,,Sân bay qu?c t? Thái Bình Cáp Nh? Tân,-6.06470215,141.0952152,36,,Pacific/Port_Moresby,ABP,PG,,,,AP
KMG,KABQ,Sân bay qu?c t? Tr??ng Th?y Côn Minh,35.03766945,-106.6109675,5308,http://www.abqsunport.com/,America/Denver,ABQ,US,Albuquerque,New Mexico,Bernalillo County,AP
YNJ,KABR,Sân bay Tri?u D??ng Xuyên Diên Cát,45.4525,-98.42611,1289,,America/Chicago,ABR,US,Aberdeen,South Dakota,Brown County,AP
DLC,HEBL,Sân bay qu?c t? Chu Th?y T? ??i Liên,22.3722282,31.61302768,511,,Africa/Cairo,ABS,EG,,,,AP
XMN,OEBA,Sân bay qu?c t? Cao Khi H? Môn,20.296139,41.634277,5446,,Asia/Riyadh,ABT,SA,Al Bahah,Mintaqat al Bahah,,AP
HAK,WATA,Sân bay qu?c t? M? Lan H?i Kh?u,-9.133333,124.88333,1250,,Asia/Makassar,ABU,ID,Atambua,East Nusa Tenggara,,AP
HGH,DNAA,Sân bay qu?c t? Tiêu S?n Hàng Châu,9.00668065,7.265007351,1092,http://www.faannigeria.org/nigeria-airport.php?airport=3,Africa/Lagos,ABV,NG,Madala,Abuja Federal Capital Territory,,AP
HFE,,Sân bay qu?c t? L?c C??ng H?p Phì,-10.183333,148.7,0,,Pacific/Port_Moresby,ABW,PG,,,,AP
LXA,YMAY,Sân bay Gonggar Lhasa,-36.06894285,146.9518768,544,,Australia/Sydney,ABX,AU,East Albury,New South Wales,Albury Municipality,AP
MDG,KABY,Sân bay H?i Lãng M?u ??n Giang,31.5339678,-84.19254493,213,,America/New_York,ABY,US,,,,AP
NKG,EGPD,Sân bay qu?c t? L?c Kh?u Nam Kinh,57.20195485,-2.20199135,167,http://www.aberdeenairport.com/,Europe/London,ABZ,GB,Dyce,Scotland,Aberdeen City,AP
NNG,MMAA,Sân bay qu?c t? Ngô Vu Nam Ninh,16.7565936,-99.75293698,22,,America/Mexico_City,ACA,MX,10 de Abril,Guerrero,Acapulco de Juarez,AP
NGB,KACB,Sân bay qu?c t? L?ch Xã Ninh Ba,44.98832545,-85.1971963,659,,America/Detroit,ACB,US,Bellaire,Michigan,Antrim County,AP
FOC,DGAA,Sân bay qu?c t? Tr??ng L?c Phúc Châu,5.60428935,-0.167967626,196,,Africa/Accra,ACC,GH,Accra,Greater Accra,,AP
CAN,SKAD,Sân bay qu?c t? B?ch Vân Qu?ng Châu,8.516667,-77.3,72,,America/Bogota,ACD,CO,,,,AP
KWL,GCRR,Sân bay qu?c t? L??ng Giang Qu? Lâm,28.94568045,-13.60758816,42,http://www.aena.es/en/lanzarote-airport/index.html,Atlantic/Canary,ACE,ES,Tias,Canary Islands,Provincia de Las Palmas,AP
KWE,ZWAL,Sân bay qu?c t? Long ??ng B?o Quý D??ng,40.464167,81.246944,3323,,Asia/Urumqi,ACF,CN,Aral,Xinjian Autonomous Region,,AP
SYX,LSZR,Sân bay qu?c t? Ph??ng Hoàng Tam Á,47.4859603,9.5598603,1272,,Europe/Zurich,ACH,CH,Rheineck,Saint Gallen,Wahlkreis Rheintal,AP
XIY,EGJA,Sân bay qu?c t? Hàm D??ng Tây An,49.70694185,-2.214498597,298,,Europe/Guernsey,ACI,GB,Beaumont-Hague,Lower Normandy,Departement de la Manche,AP
TNA,VCCA,Sân bay qu?c t? Diêu T??ng T? Nam,8.35,80.38333,265,,Asia/Colombo,ACJ,LK,Anuradhapura,North Central,,AP
TAO,KACK,Sân bay qu?c t? L?u ?ình Thanh ??o,41.2563506,-70.06422704,45,,America/New_York,ACK,US,Nantucket,Massachusetts,Nantucket County,AP
CTU,,Sân bay qu?c t? Song L?u Thành ?ô,4.7470509,-72.9919234,1036,,America/Bogota,ACL,CO,Sabanalarga,Casanare,,AP
SZX,,Sân bay qu?c t? B?o An Thâm Quy?n,-2,-71.833336,557,,America/Bogota,ACM,CO,Pebas,Loreto,Mariscal Ramon Castilla,AP
SHE,MMCC,Sân bay qu?c t? ?ào Tiên Th?m D??ng,29.3,-100.916664,944,,America/Matamoros,ACN,MX,,,,AP
TSN,MRAF,Sân bay qu?c t? Tân H?i Thiên Tân,9.693365,-85.091216,495,https://www.cobanoairport.com/en/,America/Costa_Rica,ACO,CR,Cobano,Puntarenas Province,,AP
SHA,OITM,Sân bay qu?c t? H?ng Ki?u Th??ng H?i,37.3477904,46.1241049,4340,,Asia/Tehran,ACP,IR,Bonab,East Azerbaijan,,AP
PVG,SKAC,Sân bay qu?c t? Ph? ?ông-Th??ng H?i,-0.383333,-72.3,482,,America/Bogota,ACR,CO,,,,AP
CGO,UNKS,Sân bay qu?c t? Tân Tr?nh Tr?nh Châu,56.270124,90.57983018,974,,Asia/Krasnoyarsk,ACS,RU,Achinsk,Krasnoyarskiy,,AP
CKG,KACT,Sân bay qu?c t? Giang B?c Trùng Khánh,31.609133,-97.22321,498,,America/Chicago,ACT,US,Gholson,Texas,McLennan County,AP
CSX,,Sân bay qu?c t? Hoàng Hoa Tr??ng Sa,9.576389,-79.72444,0,,America/Panama,ACU,PA,Portobelo,Colon,Distrito Portobelo,AP
CGQ,KACV,Sân bay qu?c t? Long Gia Tr??ng Xuân,40.9763645,-124.1084259,147,,America/Los_Angeles,ACV,US,McKinleyville,California,Humboldt County,AP
URC,ZUYI,Sân bay qu?c t? Diwopu Ürümqi,25.0839707,104.9588029,4133,,Asia/Shanghai,ACX,CN,Xinzhou,Guangxi Zhuangzu Zizhiqu,,AP
WEH,KACY,Sân bay ??i Th?y B?c Uy H?i,39.45708535,-74.57027649,55,https://www.sjta.com/acairport/,America/New_York,AIY,US,Pomona,New Jersey,Atlantic County,AP
WUH,OIZB,Sân bay qu?c t? Thiên Hà V? Hán,31.09702475,61.54236908,1574,,Asia/Tehran,ACZ,IR,Zabol,Sistan and Baluchestan,,AP
YNT,LTAF,Sân bay qu?c t? Lai S?n Yên ?ài,36.98503,35.29736,45,,Europe/Istanbul,ADA,TR,Seyhan,Adana,,AP
SWA,LTBJ,Sân bay qu?c t? Tri?u Sán Y?t D??ng,38.28959325,27.15881974,337,http://www.adnanmenderesairport.com,Europe/Istanbul,IZM,TR,,,,AP
BWN,AYAN,Sân bay qu?c t? Brunei,-7.1371023,145.74531,3631,,Pacific/Port_Moresby,ADC,PG,,,,AP
PNH,HAAB,Sân bay qu?c t? Phnôm Pênh,8.97958075,38.79727969,7601,http://www.ethiopianairports.com,Africa/Addis_Ababa,ADD,ET,Addis Ababa,Adis Abeba,,AP
REP,OYAA,Sân bay qu?c t? Siem Reap,12.826116,45.037537,32,,Asia/Aden,ADE,YE,Khawr Maksar,Aden,Khur Maksar,AP
DIL,LTCP,Sân bay qu?c t? Presidente Nicolau Lobato,37.75,38.266666,2083,,Europe/Istanbul,ADF,TR,Adiyaman,Adiyaman,,AP
AMQ,KADG,Sân bay Pattimura,41.9,-84.03333,800,,America/Detroit,ADG,US,Adrian,Michigan,Lenawee County,AP
BPN,UEEA,Sân bay Sultan Aji Muhammad Sulaiman,58.6034931,125.4044631,2250,,Asia/Yakutsk,ADH,RU,Aldan,Sakha,,AP
BDO,FYAR,Sân bay qu?c t? Husein Sastranegara,-22.4,15,2043,,Africa/Windhoek,ADI,NA,Arandis,Erongo,,AP
BDJ,OJAM,Sân bay Syamsudin Noor,31.97342425,35.99461255,2454,,Asia/Amman,AMM,JO,Amman,Amman,,AP
DPS,PADK,Sân bay qu?c t? Ngurah Rai,51.88278,-176.64473,29,,America/Adak,ADK,US,,,,AP
CGK,YPAD,Sân bay qu?c t? Soekarno-Hatta,-34.94724045,138.5330688,26,,Australia/Adelaide,ADL,AU,Plympton,South Australia,City of West Torrens,AP
DJJ,KADM,Sân bay Sentani,34.3028,-97.0192,711,,America/Chicago,ADM,US,Dickson,Oklahoma,Carter County,AP
KDI,SKAN,Sân bay Haluoleo,5.666667,-75.933334,6056,,America/Bogota,ADN,CO,Los Andes,Antioquia,,AP
KOE,YAMK,Sân bay El Tari,-31.016666,137.15,442,,Australia/Adelaide,ADO,AU,,,,AP
UPG,VCCG,Sân bay qu?c t? Sultan Hasanuddin,7.3385247,81.62522425,144,,Asia/Colombo,ADP,LK,,,,AP
MDC,PADQ,Sân bay qu?c t? Sam Ratulangi,57.755276,-152.51297,45,,America/Anchorage,ADQ,US,,,,AP
LOP,KPHH,Sân bay qu?c t? Lombok,33.45,-79.566666,42,,America/New_York,ADR,US,Andrews,South Carolina,Williamsburg County,AP
KNO,KADS,Sân bay qu?c t? Kuala Namu,32.783333,-97.3,521,,America/Chicago,DFW,US,Haltom City,Texas,Tarrant County,AP
PDG,KADH,Sân bay qu?c t? Minangkabau,34.80490015,-96.667616,977,,America/Chicago,ADT,US,Ada,Oklahoma,Pontotoc County,AP
PKY,OITL,Sân bay Tjilik Riwut,38.32367895,48.41727863,4324,,Asia/Tehran,ADU,IR,Namin,Ardabil,,AP
PLM,,Sân bay Sultan Mahmud Badaruddin II,11.4043102,26.1186495,1522,,Africa/Khartoum,ADV,SD,El Daein,Eastern Darfur,,AP
PLW,KADW,Sân bay Mutiara,38.8057469,-76.87741646,255,http://www.jba.af.mil/,America/New_York,ADW,US,Andrews AFB,Maryland,Prince George's County,AP
PKU,EGQL,Sân bay qu?c t? Sultan Syarif Qasim II,56.37559905,-2.859633955,19,,Europe/London,ADX,GB,Leuchars,Scotland,Fife,AP
SRG,FAAL,Sân bay qu?c t? Ahmad Yani,-22.67767555,29.05339556,2683,,Africa/Johannesburg,ADY,ZA,,,,AP
SUB,SKSP,Sân bay qu?c t? Juanda,12.586047,-81.70221,39,,America/Bogota,ADZ,CO,San Andres,"Archipielago de San Andres, Providencia y Santa Catalina",,AP
SOC,NGTB,Sân bay qu?c t? Adisumarmo,0.490833,173.8289948,36,,Pacific/Tarawa,AEA,KI,,,,AP
JOG,ZGBS,Sân bay qu?c t? Adisucipto,23.72020895,106.9609714,452,,Asia/Shanghai,AEB,CN,Tianzhou,Guangxi Zhuangzu Zizhiqu,,AP
LPQ,,Sân bay qu?c t? Luang Prabang,58.033333,-152.9,1099,,America/Anchorage,AED,US,,,,AP
PKZ,,Sân bay qu?c t? Pakse,10.0524392,32.96200721,1246,,Africa/Juba,AEE,SS,,,,AP
VTE,WIME,Sân bay qu?c t? Wattay,1.3999604,99.42983273,925,,Asia/Jakarta,AEG,ID,Padangsidempuan,North Sumatra,,AP
MDL,FTTC,Sân bay qu?c t? Mandalay,13.8465726,20.84964504,1778,,Africa/Ndjamena,AEH,TD,Abeche,Ouaddai,,AP
NYT,,Sân bay qu?c t? Nay Pyi Taw,36.1289,-5.441301,42,,Europe/Madrid,AEI,ES,Algeciras,Andalusia,Provincia de Cadiz,AP
RGN,AYAX,Sân bay qu?c t? Yangon,-7.366667,146.28334,3694,,Pacific/Port_Moresby,AEK,PG,,,,AP
CRK,KAEL,Sân bay qu?c t? Clark,43.6800949,-93.36737639,1250,,America/Chicago,AEL,US,Albert Lea,Minnesota,Freeborn County,AP
BCD,UHTG,Sân bay qu?c t? Bacolod–Silay,45.8414555,137.6736409,22,,Asia/Vladivostok,AEM,RU,,,,AP
CGY,GQNA,Sân bay Laguindingan,16.71068715,-9.638219081,964,,Africa/Nouakchott,AEO,MR,,,,AP
CEB,SABE,Sân bay qu?c t? Mactan-Cebu,-34.55622,-58.41667,42,,America/Argentina/Buenos_Aires,BUE,AR,Colegiales,Buenos Aires F.D.,,AP
DVO,,Sân bay qu?c t? Francisco Bangoy,43.90797955,120.149348,1400,,Asia/Shanghai,AEQ,CN,Tianshan,Inner Mongolia,,AP
GES,URSS,Sân bay qu?c t? General Santos,43.44397145,39.94009276,39,http://basel.aero/en/sochi/,Europe/Moscow,AER,RU,Orel-Izumrud,Krasnodarskiy,,AP
ILO,ENAL,Sân bay qu?c t? Iloilo,62.56018535,6.113415709,49,http://www.avinor.no/lufthavn/alesund,Europe/Oslo,AES,NO,Valderoy,More og Romsdal,Giske,AP
KLO,PFAL,Sân bay qu?c t? Kalibo,66.551934,-152.6214482,439,,America/Anchorage,AET,US,,,,AP
LAO,OIBA,Sân bay qu?c t? Laoag,25.87599365,55.03426596,16,,Asia/Tehran,AEU,IR,,,,AP
MNL,KAEX,Sân bay qu?c t? Ninoy Aquino,31.32927365,-92.54095487,65,,America/Chicago,AEX,US,Alexandria,Louisiana,Rapides Parish,AP
SFS,BIAR,Sân bay qu?c t? Subic Bay,65.65698725,-18.07060713,39,,Atlantic/Reykjavik,AEY,IS,Akureyri,Northeast,,AP
PPS,SAMR,Sân bay qu?c t? Puerto Princesa,-34.58917,-68.40056,2454,,America/Argentina/Mendoza,AFA,AR,San Rafael,Mendoza,,AP
ZAM,FAPA,Sân bay qu?c t? Zamboanga,-33.583332,26.883333,118,,Africa/Johannesburg,AFD,ZA,,,,AP
SIN,KAFF,Sân bay qu?c t? Singapore Changi,38.833332,-104.7,6266,,America/Denver,COS,US,Cimarron Hills,Colorado,El Paso County,AP
BDA,SKAM,Sân bay qu?c t? L.F. Wade,6.8953157,-75.0467996,4855,,America/Bogota,AFI,CO,Amalfi,Antioquia,,AP
YYC,,Sân bay qu?c t? Calgary,7.342169543,81.62931221,131,,Asia/Colombo,ADP,LK,Ampara,,,AP
YEG,SBAT,Sân bay qu?c t? Edmonton,-9.866163,-56.10603812,790,,America/Cuiaba,AFL,BR,,,,AP
YQX,KAFN,Sân bay qu?c t? Gander,42.833332,-72.066666,1122,http://silverranchairpark.com/,America/New_York,AFN,US,Jaffrey,New Hampshire,Cheshire County,AP
YHZ,KAFO,Sân bay qu?c t? Stanfield Halifax,42.733334,-110.933334,6230,http://www.aftonairpark.com/,America/Denver,AFO,US,Afton,Wyoming,Lincoln County,AP
YHM,AYAF,Sân bay qu?c t? John C. Munro Hamilton,-9.13834475,148.3909714,2385,,Pacific/Port_Moresby,AFR,PG,,,,AP
YLW,UTSN,Sân bay qu?c t? Kelowna,41.6155248,64.2317714,1338,,Asia/Samarkand,AFS,UZ,Tomdibuloq,Navoiy,,AP
YQM,AGAF,Sân bay qu?c t? Greater Moncton,-9.2,160.85,0,,Pacific/Guadalcanal,AFT,SB,,,,AP
YTM,KAFW,Sân bay qu?c t? Mont Tremblant,32.99299785,-97.31836461,643,http://www.allianceairport.com/,America/Chicago,DFW,US,Haslet,Texas,Tarrant County,AP
YUL,LTAH,Sân bay qu?c t? Pierre Elliott Trudeau-Montréal,38.733334,30.6,3316,,Europe/Istanbul,AFY,TR,Afyonkarahisar,Afyonkarahisar,,AP
YOW,OIMS,Sân bay qu?c t? Ottawa Mcdonald-Cartier,36.171675,57.59941596,3011,,Asia/Tehran,AFZ,IR,Sabzevar,Razavi Khorasan,,AP
YQB,GMAD,Sân bay qu?c t? Thành ph? Québec Jean Lesage,30.378326,-9.555895,62,,Africa/Casablanca,AGA,MA,Inezgane,Souss-Massa-Draa,Inezgane-Ait Mellou,AP
YQR,EDMA,Sân bay qu?c t? Regina,48.425278,10.931667,1492,https://www.augsburg-airport.de/,Europe/Berlin,MUC,DE,Rehling,Bavaria,Swabia,AP
YXE,KAGC,Sân bay qu?c t? Saskatoon John G. Diefenbaker,40.3534454,-79.92904654,1250,,America/New_York,PIT,US,Pleasant Hills,Pennsylvania,Allegheny County,AP
YYT,WASG,Sân bay qu?c t? St. John's,-1.383333,133.86667,6627,,Asia/Jayapura,AGD,ID,Warmare,West Papua,,AP
YQY,EDWG,Sân bay Sydney/J.A. Douglas McCurdy,53.783333,7.916667,22,,Europe/Berlin,AGE,DE,Wangerooge,Lower Saxony,,AP
YYZ,LFBA,Sân bay qu?c t? Toronto Pearson,44.17361,0.598611,167,,Europe/Paris,AGF,FR,Le Passage,Aquitaine,Departement du Lot-et-Garonne,AP
YVR,,Sân bay qu?c t? Vancouver,-4.168611,144.07388,19,,Pacific/Port_Moresby,AGG,PG,,,,AP
YYJ,ESTA,Sân bay qu?c t? Victoria,56.2972346,12.85284684,36,http://www.lfv.se/templates/LFV_AirportStartPage____4777.aspx,Europe/Stockholm,AGH,SE,,,,AP
YWG,SMWA,Sân bay qu?c t? Winnipeg,5.833333,-56.833332,19,,America/Paramaribo,AGI,SR,Wageningen,Nickerie,,AP
UAK,RORA,Sân bay Narsarsuaq,26.59300295,127.2398599,32,,Asia/Tokyo,AGJ,JP,,,,AP
JAV,,Sân bay Ilulissat,-6.403333,143.84666,5554,,Pacific/Port_Moresby,AGK,PG,,,,AP
SFJ,AYWG,Sân bay Kangerlussuaq,-9.33738355,149.1561027,29,,Pacific/Port_Moresby,AGL,PG,,,,AP
KUS,,Sân bay Kulusuk,65.6,-37.683334,534,,America/Godthab,AGM,GL,,,,AP
CNP,PAGN,Sân bay Nerlerit Inaat,57.503887,-134.58333,0,,America/Juneau,AGN,US,,,,AP
GOH,KAGO,Sân bay Nuuk,33.266666,-93.23333,314,,America/Chicago,AGO,US,Magnolia,Arkansas,Columbia County,AP
AKC,LEMG,Sân bay qu?c t? Akron Fulton,36.67876135,-4.499980126,52,,Europe/Madrid,AGP,ES,,,,AP
ALB,LGAG,Sân bay qu?c t? Albany,38.6137021,21.3929834,101,,Europe/Athens,AGQ,GR,Dhokimion,West Greece,Nomos Aitolias kai Akarnanias,AP
ABQ,VIAG,Sân bay qu?c t? Albuquerque,27.158333,77.962776,574,,Asia/Kolkata,AGR,IN,Agra,Uttar Pradesh,Agra,AP
AEX,KAGS,Sân bay qu?c t? Alexandria (Louisiana),33.37230205,-81.96506391,101,,America/New_York,AGS,US,,,,AP
ALI,SGES,Sân bay qu?c t? Alice,-25.5,-54.833332,810,,America/Asuncion,AGT,PY,Colonia Yguazu,Alto Parana,,AP
ABE,MMAS,Sân bay qu?c t? Lehigh Valley,21.701416,-102.31374,6118,https://www.aeropuertosgap.com.mx/es/aguascalientes.html,America/Mexico_City,AGU,MX,Penuelas (El Cienegal),Aguascalientes,Aguascalientes,AP
ANC,SVAC,Sân bay qu?c t? Ted Stevens Anchorage,9.552222,-69.23333,711,,America/Caracas,AGV,VE,Araure,Portuguesa,Municipio Araure,AP
ATL,,Sân bay qu?c t? Hartsfield-Jackson Atlanta,-12.1453511,142.1490609,200,,Australia/Brisbane,AGW,AU,,,,AP
ACY,VOAT,Sân bay qu?c t? Thành ph? Atlantic,10.828967,72.17987,26,,Asia/Kolkata,AGX,IN,Kavaratti,Laccadives,Lakshadweep,AP
AUS,FAAG,Sân bay qu?c t? Austin-Bergstrom,-29.05,18.85,2818,,Africa/Johannesburg,AGZ,ZA,Pofadder,Northern Cape,Namakwa District Municipality,AP
BFL,,Sân bay Meadows Field,26.2,127.65,32,,Asia/Tokyo,OKA,JP,,,,AP
BWI,OEAB,Sân bay qu?c t? Baltimore-Washington Thurgood Marshall,18.23429,42.657574,6876,,Asia/Riyadh,AHB,SA,,,,AP
BGR,KAHC,Sân bay qu?c t? Bangor,40.15,-120.13333,4055,,America/Los_Angeles,AHC,US,Janesville,California,Lassen County,AP
BLI,,Sân bay qu?c t? Bellingham,34.166668,-97.13333,902,,America/Chicago,ADM,US,Ardmore,Oklahoma,Carter County,AP
BIL,NTHE,Sân bay qu?c t? Billings Logan,-14.4280996,-146.2570038,32,http://www.sia.aviation-civile.gouv.fr/aip/enligne/PDF_AIPparSSection/AIP%20PAC-P/AD/2/0703_AD%202.NTHE.pdf,Pacific/Tahiti,AHE,PF,,,,AP
BGM,,Sân bay Greater Binghamton,40.3,-99.9,2152,,America/Chicago,AHF,US,Arapahoe,Nebraska,Furnas County,AP
BHM,,Sân bay qu?c t? Birmingham–Shuttlesworth,-10.3717,56.60313,4,,Indian/Mauritius,AHG,MU,,,,AP
BOS,KAHH,Sân bay qu?c t? Logan,45.3,-92.35,1089,,America/Chicago,AHH,US,Amery,Wisconsin,Polk County,AP
BRO,WAPA,Sân bay qu?c t? Brownsville/??o South Padre,-3.34785185,128.9274633,59,,Asia/Jayapura,AHI,ID,Amahai,Maluku,,AP
BUF,ZUHY,Sân bay qu?c t? Buffalo Niagara,32.5367833,102.3502295,11591,,Asia/Shanghai,AHJ,CN,Qiongxi,Sichuan,,AP
BTV,SYAH,Sân bay qu?c t? Burlington,2.4755665,-59.3194477,521,,America/Guyana,AHL,GY,,,,AP
CXL,KS03,Sân bay qu?c t? Calexico,42.19029999,-122.6610031,1827,,America/Los_Angeles,AHM,US,Ashland,Oregon,Jackson County,AP
CPR,KAHN,Sân bay qu?c t? Casper–Qu?n Natrona,33.9487053,-83.32973998,767,,America/New_York,AHN,US,Winterville,Georgia,Clarke County,AP
CLT,LIEA,Sân bay qu?c t? Charlotte Douglas,40.63087935,8.288375274,62,http://www.aeroportodialghero.it/home_en.asp,Europe/Rome,AHO,IT,Alghero,Sardinia,Provincia di Sassari,AP
CHS,MHAH,Sân bay qu?c t? Charleston,15.4819002,-84.4160995,32,,America/Tegucigalpa,AHS,HN,Wawina,Gracias a Dios,,AP
MDW,GMTA,Sân bay qu?c t? Chicago Midway,35.17972,-3.836944,42,,Africa/Casablanca,AHU,MA,Imzourene,Taza-Al Hoceima-Taounate,,AP
RFD,,Sân bay qu?c t? Chicago Rockford,31.34292,48.74668,55,,Asia/Tehran,AHW,OM,,,,AP
ORD,,Sân bay qu?c t? O'Hare,-20.0153265,45.5375864,314,,Indian/Antananarivo,AHY,MG,,,,AP
CVG,LFHU,Sân bay qu?c t? Cincinnati/B?c Kentucky,45.0870881,6.082792928,6023,,Europe/Paris,AHZ,FR,Huez,Rhone-Alpes,Departement de l'Isere,AP
CLE,KAIA,Sân bay qu?c t? Cleveland Hopkins,42.051666,-102.80666,3904,,America/Denver,AIA,US,Alliance,Nebraska,Box Butte County,AP
CMH,,Sân bay qu?c t? Port Columbus,7.5,170.83333,16,,Pacific/Majuro,AIC,MH,,,,AP
LCK,KAID,Sân bay qu?c t? Rickenbacker,40.166668,-85.683334,882,,America/Indiana/Indianapolis,AID,US,Anderson,Indiana,Madison County,AP
CRP,AYAO,Sân bay qu?c t? Corpus Christi,-5.166667,144.66667,4478,,Pacific/Port_Moresby,AIE,PG,,,,AP
DFW,SNAX,Sân bay qu?c t? Dallas-Forth Worth,-22.666668,-50.416668,1804,,America/Sao_Paulo,AIF,BR,Assis,Sao Paulo,Assis,AP
DAY,FEFY,Sân bay qu?c t? Dayton,6.521706,23.2605938,2001,,Africa/Bangui,AIG,CF,,,,AP
DAB,AYAK,Sân bay qu?c t? Daytona Beach,-7.34368705,141.2679197,118,,Pacific/Port_Moresby,AIH,PG,,,,AP
DEN,HDAS,Sân bay qu?c t? Denver,11.15,42.716667,2290,,Africa/Djibouti,AII,DJ,'Ali Sabieh,Ali Sabieh,,AP
DJN,KAIK,Sân bay qu?c t? Whetstone,33.566666,-81.71667,580,,America/New_York,AIK,US,Aiken,South Carolina,Aiken County,AP
DRT,,Sân bay qu?c t? Del Rio,9.25,-78.083336,55,,America/Panama,AIL,PA,Ailigandi,Guna Yala,,AP
DSM,,Sân bay qu?c t? Des Moines,10.2164987,169.9825736,45,,Pacific/Majuro,AIM,MH,,,,AP
DTW,PAWI,Sân bay qu?c t? Detroit,70.63790295,-160.0150279,22,,America/Anchorage,AIN,US,,,,AP
DLH,KAIO,Sân bay qu?c t? Duluth,41.4,-95.01667,1250,,America/Chicago,AIO,US,Atlantic,Iowa,Cass County,AP
EGP,VIAX,Sân bay qu?c t? Qu?n Maverick Memorial,7.266667,168.81667,0,,Pacific/Majuro,AIP,MH,,,,AP
Không,SSOU,Sân bay qu?c t? Nam Texas t?i Edinburg,-10.25,-59.38333,1095,,America/Cuiaba,AIR,BR,,,,AP
ELP,NGTR,Sân bay qu?c t? El Paso,-2.65,176.83333,45,,Pacific/Tarawa,AIS,KI,Kulia Village,Niutao,,AP
ERI,NCAI,Sân bay qu?c t? Erie,-18.8364468,-159.76131,78,,Pacific/Rarotonga,AIT,CK,,,,AP
FAI,NCAT,Sân bay qu?c t? Fairbanks,-20.033333,-158.1,0,,Pacific/Rarotonga,AIU,CK,,,,AP
FAR,KAIV,Sân bay qu?c t? Hector,33.13333,-88.15,269,,America/Chicago,AIV,US,Aliceville,Alabama,Pickens County,AP
FLT,FYAA,Sân bay qu?c t? Bishop,-27.9948193,17.59645141,1998,,Africa/Windhoek,AIW,NA,,,,AP
FLL,,Sân bay qu?c t? Fort Lauderdale – Hollywood,39.3859082,-74.4254622,-3,,America/New_York,AIY,US,,,,AP
RSW,KAIZ,Sân bay qu?c t? Southwest Florida,38.0924572,-92.5535179,889,,America/Chicago,AIZ,US,,,,AP
FWA,LFKJ,Sân bay qu?c t? Fort Wayne,41.91987,8.794013,42,,Europe/Paris,AJA,FR,Ajaccio,Corsica,Departement de la Corse-du-Sud,AP
FTW,OESK,Sân bay qu?c t? Fort Worth Meacham,29.788668,40.101486,2208,,Asia/Riyadh,AJF,SA,Sakaka,Al Jawf,,AP
FAT,LTCO,Sân bay qu?c t? Fresno Yosemite,39.65,43.025,5406,,Europe/Istanbul,AJI,TR,Hamur,Agri,,AP
GGW,GQNJ,Sân bay Glasgow (Hoa K?),19.72837225,-14.37806484,383,,Africa/Nouakchott,AJJ,MR,Akjoujt,Inchiri,,AP
GRR,OIHR,Sân bay qu?c t? Gerald R. Ford,34.13333,49.833332,5429,,Asia/Tehran,AJK,IR,Arak,Markazi,,AP
GTF,VELP,Sân bay qu?c t? Great Falls,23.8407048,92.62105704,1397,http://www.aai.aero/allAirports/lengpui.jsp,Asia/Kolkata,AJL,IN,Sairang,Mizoram,Aizawl,AP
GRB,FMCV,Sân bay qu?c t? Austin Straubel,-12.12890235,44.42886317,101,,Indian/Comoro,AJN,KM,Ouani,Anjouan,,AP
GSO,ESNX,Sân bay qu?c t? Piedmont Triad,65.5920366,19.26458591,1227,,Europe/Stockholm,AJR,SE,Arvidsjaur,Norrbotten,Arvidsjaurs Kommun,AP
GSP,,Sân bay qu?c t? Greenville–Spartanburg,26.833332,-113.666664,226,,America/Mazatlan,AJS,MX,Bahia Asuncion,Baja California Sur,Mulege,AP
GPT,SBAR,Sân bay qu?c t? Gulfport–Biloxi,-10.98281225,-37.07602528,42,https://www4.infraero.gov.br/aeroportos/aeroporto-internacional-santa-maria-aracaju/,America/Maceio,AJU,BR,Aracaju,Sergipe,Aracaju,AP
HRL,DRZA,Sân bay qu?c t? Valley,16.96522395,7.997894294,1637,,Africa/Niamey,AJY,NE,Agadez,Agadez,,AP
MDT,ZLAK,Sân bay qu?c t? Harrisburg,32.7081,108.9311505,833,,Asia/Chongqing,AKA,CN,Ankang,Shaanxi,,AP
HNL,PAAK,Sân bay qu?c t? Honolulu,52.22221525,-174.2066819,29,,America/Adak,AKB,US,,,,AP
HUL,KAKR,Sân bay qu?c t? Houlton,41.04,-81.46778,1010,,America/New_York,CAK,US,Sawyerwood,Ohio,Summit County,AP
IAH,VAAK,Sân bay liên l?c ??a George Bush,20.697417,77.06134451,994,,Asia/Kolkata,AKD,IN,Akola,Maharashtra,Akola,AP
HSV,FOGA,Sân bay qu?c t? Huntsville,-1.13967,13.9035997,1354,,Africa/Libreville,AKE,GA,,,,AP
IND,HLKF,Sân bay qu?c t? Indianapolis,24.17807115,23.31398076,1148,,Africa/Tripoli,AKF,LY,Al Jawf,Al Kufrah,,AP
INL,AYGU,Sân bay Falls International,-3.633333,142.01666,918,,Pacific/Port_Moresby,AKG,PG,,,,AP
JAN,OEPS,Sân bay qu?c t? Jackson-Evers,24.063334,47.580555,1568,,Asia/Riyadh,AKH,SA,Ad Dilam,Ar Riyad,,AP
JAX,PFAK,Sân bay qu?c t? Jacksonville,60.9052437,-161.2268225,62,,America/Anchorage,AKI,US,,,,AP
JNU,RJEC,Sân bay qu?c t? Juneau,43.6686785,142.4513869,646,,Asia/Tokyo,AKJ,JP,Asahikawa,Hokkaido,Asahikawa-shi,AP
AZO,PAKH,Sân bay qu?c t? Kalamazoo/Battle Creek,56.944443,-154.16667,0,,America/Anchorage,AKK,US,,,,AP
FCA,NZAA,Sân bay qu?c t? Glacier Park,-37.00889695,174.7912138,29,http://www.auckland-airport.co.nz/,Pacific/Auckland,AKL,NZ,Mangere,Auckland,Auckland,AP
MCI,,Sân bay qu?c t? Thành ph? Kansas,10.8875904,19.8153005,1354,,Africa/Ndjamena,AKM,TD,,,,AP
EYW,PAKN,Sân bay qu?c t? Key West,58.6753166,-156.649387,26,,America/Anchorage,AKN,US,,,,AP
KTN,KAKO,Sân bay qu?c t? Ketchikan,40.17740845,-103.2274355,4655,http://www.co.washington.co.us/airport.htm,America/Denver,AKO,US,Akron,Colorado,Washington County,AP
KOA,PAKP,Sân bay qu?c t? Kona,68.13254385,-151.7456225,2335,,America/Anchorage,AKP,US,,,,AP
CWF,,Sân bay qu?c t? Chennault,-4.616667,105.23333,147,,Asia/Jakarta,AKQ,ID,Menggala,Lampung,,AP
LAN,DNAK,Sân bay qu?c t? Capital Region,7.25,5.083333,958,http://www.faannigeria.org/nigeria-airport.php?airport=21,Africa/Lagos,AKR,NG,Owena,Ondo,,AP
LRD,AGGA,Sân bay qu?c t? Laredo,-8.7042047,160.6817763,42,,Pacific/Guadalcanal,AKS,SB,,,,AP
LRU,LCRA,Sân bay qu?c t? Las Cruces,34.5903698,32.9877483,29,http://www.raf.mod.uk/rafakrotiri/passengerinformation/,Asia/Nicosia,AKT,CY,Kolossi,Larnaka,,AP
LAS,ZWAK,Sân bay qu?c t? McCarran,41.2625,80.291667,3812,,Asia/Shanghai,AKU,CN,,,,AP
LAX,CYKO,Sân bay qu?c t? Los Angeles,60.733334,-78.583336,839,,America/Iqaluit,AKV,CA,,,,AP
SDF,OIAG,Sân bay qu?c t? Louisville,30.74386435,49.67943964,45,,Asia/Tehran,AKW,IR,Omidiyeh,Khuzestan,,AP
LBB,UATT,Sân bay qu?c t? Lubbock Preston Smith,50.249336,57.211403,715,,Asia/Aqtobe,AKX,KZ,Aqtobe,Aqtoebe,,AP
MQT,VYSW,Sân bay qu?c t? Sawyer,20.130278,92.88028,26,,Asia/Rangoon,AKY,MM,,,,AP
MSS,UAAA,Sân bay qu?c t? Massena,43.35568625,77.04258379,2240,,Asia/Almaty,ALA,KZ,Pervomayskiy,Almaty Oblysy,,AP
MFE,KALB,Sân bay qu?c t? McAllen-Miller,42.7457516,-73.8092091,301,http://www.albanyairport.com/,America/New_York,ALB,US,Colonie,New York,Albany County,AP
MFR,LEAL,Sân bay qu?c t? Rogue Valley Medford,38.2888263,-0.5542897,72,http://www.aena.es/csee/Satellite?cid=1049437849176&pagename=subHome&Language=EN_GB&SiteName=ALC&c=Page,Europe/Madrid,ALC,ES,,,,AP
MLB,SPAR,Sân bay qu?c t? Melbourne,-11.683333,-69.333336,859,,America/Lima,ALD,PE,,,,AP
MEL,,,30.416668,-103.75,5055,http://www.ci.alpine.tx.us/airport.shtml,America/Chicago,ALE,US,Alpine,Texas,Brewster County,AP
MEM,ENAT,Sân bay qu?c t? Memphis,69.9771632,23.35951897,6,https://avinor.no/en/airport/alta-airport/,Europe/Oslo,ALF,NO,Alta,Finnmark Fylke,Alta,AP
MIA,DAAG,Sân bay qu?c t? Miami,36.7013497,3.210903183,49,,Africa/Algiers,ALG,DZ,Dar el Beida,Alger,,AP
MKE,YABA,Sân bay qu?c t? General Mitchell,-34.9443954,117.8095889,183,,Australia/Perth,ALH,AU,Albany,Western Australia,Albany,AP
MSP,KALI,Sân bay qu?c t? Minneapolis?Saint Paul,27.75,-98.066666,193,,America/Chicago,ALI,US,Alice,Texas,Jim Wells County,AP
MSO,FAAB,Sân bay qu?c t? Missoula,-28.573333,16.534444,55,,Africa/Johannesburg,ALJ,ZA,,,,AP
MSV,,Sân bay qu?c t? Qu?n Sullivan,7.966667,39.11667,7414,,Africa/Addis_Ababa,ALK,ET,Huruta,Oromiya,,AP
MWH,LIMG,Sân bay qu?c t? Qu?n Grant,44.05,8.216667,59,http://www.rivierairport.it/,Europe/Rome,ALL,IT,Albenga,Liguria,Provincia di Savona,AP
MYR,KALM,Sân bay qu?c t? Myrtle Beach,32.845833,-105.985275,4206,,America/Denver,ALM,US,Boles Acres,New Mexico,Otero County,AP
BNA,KALN,Sân bay qu?c t? Nashville,38.891666,-90.04833,515,,America/Chicago,ALN,US,Bethalto,Illinois,Madison County,AP
MSY,KALO,Sân bay qu?c t? Louis Armstrong New Orleans,42.55611,-92.39972,872,,America/Chicago,ALO,US,Cedar Falls,Iowa,Black Hawk County,AP
JFK,OSAP,Sân bay qu?c t? John F. Kennedy,36.185352,37.227074,1272,http://www.aleppo-airport.com/en/,Asia/Damascus,ALP,SY,Aleppo,Aleppo,,AP
LGA,SSLT,Sân bay LaGuardia,-29.799723,-55.763332,334,,America/Sao_Paulo,ALQ,BR,Alegrete,Rio Grande do Sul,Alegrete,AP
EWR,NZLX,Sân bay qu?c t? Newark Liberty,-45.21389,169.36945,728,,Pacific/Auckland,ALR,NZ,,,,AP
SWF,KALS,Sân bay qu?c t? Stewart,37.43667,-105.86667,7519,https://www.sanluisvalleyairport.org/,America/Denver,ALS,US,Alamosa,Colorado,Alamosa County,AP
PHF,SDWQ,Sân bay qu?c t? Newport News/Williamsburg,-1.933333,-54.766666,3,,America/Santarem,ALT,BR,Alenquer,Para,Alenquer,AP
IAG,HCMA,Sân bay qu?c t? Niagara Falls,11.966667,50.8,22,,Africa/Mogadishu,ALU,SO,Bereeda,Bari,,AP
ORF,KALW,Sân bay qu?c t? Norfolk,46.0940857,-118.2911423,1138,,America/Los_Angeles,ALW,US,Walla Walla East,Washington,Walla Walla County,AP
CHS,KALX,Sân bay qu?c t? Charleston,32.91343435,-85.96246743,367,,America/Chicago,ALX,US,Alexander City,Alabama,Tallapoosa County,AP
OAK,HEAX,Sân bay qu?c t? Oakland,31.192545,29.953058,32,,Africa/Cairo,ALY,EG,,,,AP
OGS,,Sân bay qu?c t? Ogdensburg,56.895832,-154.24583,0,,America/Anchorage,ALZ,US,,,,AP
ONT,KAMA,Sân bay qu?c t? LA/Ontario,35.21959415,-101.7018304,3605,http://airport.amarillo.gov/,America/Chicago,AMA,US,,,,AP
MCO,FMNE,Sân bay qu?c t? Orlando,-13.1865961,48.9876126,68,,Indian/Antananarivo,AMB,MG,Ambilobe,Diana,,AP
PSP,FTTN,Sân bay qu?c t? Palm Springs,11.0350134,20.27470129,1456,,Africa/Ndjamena,AMC,TD,Am Timan,Salamat,,AP
ECP,VAAH,Sân bay qu?c t? Tây B?c Florida Beaches,23.0855562,72.6305442,209,,Asia/Kolkata,AMD,IN,Naroda,Gujarat,Ahmadabad,AP
PNS,,Sân bay qu?c t? Pensacola,-15.833333,37.583332,1784,,Africa/Maputo,AME,MZ,,,,AP
PIA,AYAA,Sân bay qu?c t? General Wayne A. Downing Peoria,-4.166667,141.66667,157,,Pacific/Port_Moresby,AMF,PG,,,,AP
PHL,,Sân bay qu?c t? Philadelphia,-4.616667,143.7,183,,Pacific/Port_Moresby,AMG,PG,,,,AP
PHX,HAAM,Sân bay qu?c t? Phoenix Sky Harbor,6.036111,37.576942,3914,,Africa/Addis_Ababa,AMH,ET,Arba Minch',"Southern Nations, Nationalities, and People's Region",,AP
PIT,WADA,Sân bay qu?c t? Pittsburgh,-8.5618359,116.1022297,59,,Asia/Makassar,AMI,ID,Mataram,West Nusa Tenggara,,AP
PBG,SNAR,Sân bay qu?c t? Plattsburgh,-16.183332,-40.683334,593,,America/Sao_Paulo,AMJ,BR,Almenara,Minas Gerais,Almenara,AP
PTK,,Sân bay qu?c t? Qu?n Oakland,37.15,-107.75,6637,http://www.websmart66.net/cgi-bin/p/w66p-airportinfo.cgi?d=greggs-flying-service,America/Denver,DRO,US,,,,AP
CLM,,Sân bay qu?c t? William R. Fairchild,8.266667,-82.86667,55,,America/Panama,AML,PA,Puerto Armuelles,Chiriqui,,AP
PHN,OJAI,Sân bay qu?c t? Qu?n St. Clair,31.7241013,35.99544021,2332,,Asia/Amman,AMM,JO,Al Jizah,Amman,,AP
PWM,KAMN,"Sân bay qu?c t? Portland, Maine",43.38333,-84.65,751,http://www.ci.alma.mi.us/1/307/airport.asp,America/Detroit,AMN,US,Alma,Michigan,Gratiot County,AP
PDX,FTTU,Sân bay qu?c t? Portland,14.116667,15.316667,1049,,Africa/Ndjamena,AMO,TD,Mao,Kanem,,AP
PSM,FMSY,Sân bay qu?c t? Portsmouth Pease,-24.6996994,44.7341995,725,,Indian/Antananarivo,AMP,MG,Ampanihy,Atsimo-Andrefana,,AP
TWD,WAPP,Sân bay qu?c t? Qu?n Jefferson,-3.71111525,128.0878877,49,,Asia/Jayapura,AMQ,ID,Amahusu,Maluku,,AP
PVD,,Sân bay T. F. Green,7.033333,171.23334,0,,Pacific/Majuro,AMR,MH,,,,AP
MLI,EHAM,Sân bay qu?c t? Quad City,52.32697895,4.7415052,36,http://www.schiphol.nl/,Europe/Amsterdam,AMS,NL,Aalsmeer,North Holland,Gemeente Aalsmeer,AP
RDU,YAMT,Sân bay qu?c t? Raleigh-Durham,-26.766666,132.03334,1748,,Australia/Adelaide,AMT,AU,,,,AP
RNO,AYAM,Sân bay qu?c t? Reno-Tahoe,-3.516667,141.15,1112,,Pacific/Port_Moresby,AMU,PG,,,,AP
RIC,ULDD,Sân bay qu?c t? Richmond,69.7634173,61.56749324,13,,Europe/Moscow,AMV,RU,Vorgashor,Komi Republic,,AP
RST,KAMW,Sân bay qu?c t? Rochester,41.9903107,-93.62215445,908,,America/Chicago,AMW,US,Ames,Iowa,Story County,AP
ROC,YAMM,Sân bay qu?c t? Greater Rochester,-21.7383003,135.2420044,1259,,Australia/Darwin,AMX,AU,,,,AP
SMF,,Sân bay qu?c t? Sacramento,-17.683332,45.666668,938,,Indian/Antananarivo,AMY,MG,,,,AP
MBS,NZAR,Sân bay qu?c t? MBS,-37.033333,174.96666,62,http://www.nzar.co.nz/,Pacific/Auckland,AMZ,NZ,Red Hill,Auckland,Auckland,AP
SLC,HKOM,Sân bay qu?c t? Thành ph? Salt Lake,33.816666,-117.933334,121,,America/Los_Angeles,ANA,US,Anaheim,California,Orange County,AP
SAT,KANB,Sân bay qu?c t? San Antonio,33.59028,-85.855835,626,,America/Chicago,ANB,US,Oxford,Alabama,Calhoun County,AP
SAN,PANC,Sân bay qu?c t? San Diego,61.18103525,-149.9978919,62,,America/Anchorage,ANC,US,,,,AP
SFO,KAND,Sân bay qu?c t? San Francisco,34.49361,-82.71,728,,America/New_York,AND,US,Centerville,South Carolina,Anderson County,AP
SJC,LFJR,Sân bay qu?c t? San Jose,47.466667,-0.55,144,,Europe/Paris,ANE,FR,,,,AP
SNA,SCFA,Sân bay John Wayne,-23.4523757,-70.43973434,347,,America/Santiago,ANF,CL,Antofagasta,Antofagasta,Provincia de Antofagasta,AP
SRQ,LFBU,Sân bay qu?c t? Sarasota–Bradenton,45.733334,0.216667,396,,Europe/Paris,ANG,FR,Champniers,Poitou-Charentes,Departement de la Charente,AP
CIU,,Sân bay qu?c t? Qu?n Chippewa,-8.983333,160.5,0,,Pacific/Guadalcanal,ANH,SB,,,,AP
SAV,PANI,Sân bay qu?c t? Savannah/Hilton Head,61.5813889,-159.5427778,49,,America/Anchorage,ANI,US,,,,AP
SEA,FCBZ,Sân bay qu?c t? Seattle-Tacoma,-2.8474064,13.8214267,1863,,Africa/Brazzaville,ANJ,CG,,,,AP
GEG,LTAD,Sân bay qu?c t? Spokane,39.9517942,32.68941441,2627,,Europe/Istanbul,ANK,TR,Batikent,Ankara,,AP
STL,,Sân bay qu?c t? Lambert-St. Louis,-11.25,17.25,4675,,Africa/Luanda,ANL,AO,Camacupa,Bie,,AP
PIE,FMNH,Sân bay qu?c t? St. Petersburg–Clearwater,-14.9990678,50.3182525,26,,Indian/Antananarivo,ANM,MG,Antalaha,Sava,,AP
Không,PANT,Sân bay qu?c t? Coutts/Ross,55.0415764,-131.5646265,78,,America/Metlakatla,ANN,US,,,,AP
SYR,FQAG,Sân bay qu?c t? Syracuse Hancock,-16.18367445,39.94441129,124,,Africa/Maputo,ANO,MZ,,,,AP
TPA,KANP,Sân bay qu?c t? Tampa,38.983334,-76.5,29,,America/New_York,ANP,US,Annapolis,Maryland,Anne Arundel County,AP
TOL,KANQ,Sân bay Toledo Express,41.63333,-85,1053,,America/Indiana/Indianapolis,ANQ,US,Angola,Indiana,Steuben County,AP
TUS,EBAW,Sân bay qu?c t? Tucson,51.1881429,4.463473861,29,http://www.antwerp-airport.be/,Europe/Brussels,ANR,BE,Mortsel,Flanders,Provincie Antwerpen,AP
TUL,SPHY,Sân bay qu?c t? Tulsa,-13.709079,-73.35160446,11581,,America/Lima,ANS,PE,San Jeronimo,Apurimac,Provincia de Andahuaylas,AP
IAD,,Sân bay qu?c t? Washington Dulles,47.15,10.283333,5672,,Europe/Vienna,ANT,AT,Sankt Anton am Arlberg,Tyrol,Politischer Bezirk Landeck,AP
ART,TAPA,Sân bay qu?c t? Watertown,17.13578595,-61.79381928,42,,America/Antigua,ANU,AG,Parham,Saint Peter,,AP
PBI,PANV,Sân bay qu?c t? Palm Beach,62.6451092,-160.1932999,265,,America/Anchorage,ANV,US,,,,AP
AVP,KANW,Sân bay qu?c t? Wilkes-Barre/Scranton,42.55,-99.86667,2513,,America/Chicago,ANW,US,Ainsworth,Nebraska,Brown County,AP
ILM,ENAN,Sân bay qu?c t? Wilmington,69.29132535,16.13968095,26,https://avinor.no/en/airport/andoya-airport/,Europe/Oslo,ANX,NO,Andenes,Nordland,Andoy,AP
BDL,KANY,Sân bay qu?c t? Bradley,37.15,-98.03333,1335,,America/Chicago,ANY,US,Anthony,Kansas,Harper County,AP
YUM,,Sân bay qu?c t? Yuma,-25.083332,132.16667,1656,,Australia/Darwin,ANZ,AU,,,,AP
ACA,,Sân bay qu?c t? Acapulco,-9.05,146.8,29,,Pacific/Port_Moresby,AOA,PG,,,,AP
AGU,,Sân bay qu?c t? Lic. Jesús Terán Peredo,-4.916667,144.65,150,,Pacific/Port_Moresby,AOB,PG,,,,AP
CSL,EDAC,Sân bay qu?c t? Cabo San Lucas,50.98321195,12.50986326,662,http://www.leipzig-altenburg-airport.de/,Europe/Berlin,AOC,DE,Altenburg,Thuringia,,AP
CPE,,Sân bay qu?c t? Ing. Alberto Acuña Ongay,11.4637088,19.2874812,1578,,Africa/Ndjamena,AOD,TD,,,,AP
CUN,LTBY,Sân bay qu?c t? Cancún,39.81,30.519444,2595,,Europe/Istanbul,ESK,TR,,,,AP
CUU,ZYAS,Sân bay qu?c t? General Roberto Fierro Villalobos,41.166668,123.03333,82,,Asia/Shanghai,AOG,CN,Anshan,Liaoning,Anshan Shi,AP
CME,KAOH,Sân bay qu?c t? Ciudad del Carmen,40.766666,-84.1,879,,America/New_York,AOH,US,Lima,Ohio,Allen County,AP
CZM,LIPY,Sân bay qu?c t? Cozumel,43.61716225,13.36485803,39,http://www.aeroportomarche.com/index.php?lang=english,Europe/Rome,AOI,IT,Falconara Marittima,The Marches,Provincia di Ancona,AP
CUL,RJSA,Sân bay qu?c t? Bachigualato Federal,40.7340525,140.689686,652,,Asia/Tokyo,AOJ,JP,,,,AP
DGO,LGKP,Sân bay qu?c t? General Guadalupe Victoria,35.42109615,27.14533345,29,,Europe/Athens,AOK,GR,Karpathos,South Aegean,Nomos Dodekanisou,AP
GDL,SARL,Sân bay qu?c t? Guadalajara,-29.68922305,-57.15101499,219,,America/Argentina/Cordoba,AOL,AR,Paso de los Libres,Corrientes,Departamento de Paso de los Libres,AP
HUX,OOAD,Sân bay qu?c t? Bahías de Huatulco,22.48980955,57.39154873,1049,,Asia/Muscat,AOM,OM,,,,AP
ZIH,,Sân bay qu?c t? Ixtapa-Zihuatanejo,-6.333333,146,4481,,Pacific/Port_Moresby,AON,PG,,,,AP
BJX,KAOO,Sân bay qu?c t? Del Bajío,40.29686675,-78.32117438,1469,,America/New_York,AOO,US,Martinsburg,Pennsylvania,Blair County,AP
LTO,SPAS,Sân bay qu?c t? Loreto,-2.7952148,-76.46820104,702,,America/Lima,AOP,PE,Alianza Cristiana,Loreto,Datem Del Maranon,AP
ZLO,WMKA,Sân bay qu?c t? Playa de Oro,6.1893478,100.3972145,19,,Asia/Kuala_Lumpur,AOR,MY,Jitra,Kedah,,AP
MZT,AK81,Sân bay qu?c t? General Rafael Buelna,57.4705133,-153.8166725,9,,America/Anchorage,AOS,US,,,,AP
MID,LIMW,Sân bay qu?c t? Manuel Crescencio Rejón,45.738779,7.368228953,1774,http://www.avda-aosta.it/,Europe/Rome,AOT,IT,Chef-Lieu,Aosta Valley,Valle d'Aosta,AP
MEX,VLAP,Sân bay qu?c t? Thành ph? Mexico,14.8,106.833336,288,,Asia/Vientiane,AOU,LA,Attapu,Attapu,,AP
MTY,KAPA,Sân bay qu?c t? Monterrey,39.733334,-104.98333,5285,,America/Denver,DEN,US,,,,AP
MLM,SLAP,Sân bay qu?c t? Francisco J. Mujica,-14.716667,-68.51667,5282,,America/La_Paz,APB,BO,Mapiri,La Paz,,AP
OAX,KAPC,Sân bay qu?c t? Xoxocotlán,38.216488,-122.2765713,32,http://www.napacountyairport.org/,America/Los_Angeles,APC,US,American Canyon,California,Napa County,AP
PBC,,Sân bay qu?c t? Puebla,-4.46021,120.30683,79,,Asia/Jakarta,APD,ID,,,,AP
PVR,SPAO,Sân bay qu?c t? Licenciado Gustavo Díaz Ordaz,-11.933333,-69.083336,866,,America/Lima,APE,PE,,,,AP
SLW,KAPF,Sân bay qu?c t? Plan de Guadalupe,26.1523225,-81.77394138,29,,America/New_York,APF,US,Naples,Florida,Collier County,AP
SJD,KAPG,Sân bay qu?c t? Los Cabos,39.5,-76.166664,72,,America/New_York,APG,US,Aberdeen,Maryland,Harford County,AP
SLP,KAPH,Sân bay qu?c t? Ponciano Arriaga,38.05,-77.35,173,,America/New_York,APH,US,Bowling Green,Virginia,Caroline County,AP
QRO,SKAP,Sân bay qu?c t? Querétaro,4.06889,-73.051903,580,,America/Bogota,API,CO,Puerto Lopez,Meta,,AP
TAM,ZUPL,Sân bay qu?c t? General Francisco Javier Mina,30.3975,81.138611,13944,,Asia/Shanghai,APJ,CN,Burang,Ngari Prefecture,Burang County,AP
TIJ,NTGD,Sân bay qu?c t? Tijuana,-15.416667,-146.08333,0,,Pacific/Tahiti,APK,PF,,,,AP
TLC,FQNP,Sân bay qu?c t? Toluca,-15.101667,39.287224,1338,,Africa/Maputo,APL,MZ,Nampula,Nampula,,AP
TGZ,KAPN,Sân bay qu?c t? Angel Albino Corzo,45.07017615,-83.56655477,708,,America/Detroit,APN,US,Alpena,Michigan,Alpena County,AP
TRC,SKLC,Sân bay qu?c t? Francisco Sarabia,7.817678,-76.71766,72,,America/Bogota,APO,CO,Carepa,Antioquia,,AP
VER,,Sân bay qu?c t? General Heriberto Jara,-8.97966935,148.1030075,1876,,Pacific/Port_Moresby,APP,PG,,,,AP
VSA,SNAL,Sân bay qu?c t? Carlos Rovirosa Pérez,-9.7765662,-36.62984999,839,,America/Maceio,APQ,BR,Arapiraca,Alagoas,Arapiraca,AP
FSP,AYPE,Sân bay Saint-Pierre,-8.5,145,0,,Pacific/Port_Moresby,APR,PG,,,,AP
MQC,SWNS,Sân bay Miquelon,-16.333332,-48.966667,3280,,America/Sao_Paulo,APS,BR,Anapolis,Goias,Anapolis,AP
BZE,KAPT,Sân bay qu?c t? Philip S. W. Goldson,35.066666,-85.5,1637,,America/Chicago,APT,US,Powells Crossroads,Tennessee,Marion County,AP
LIR,SSAP,Sân bay qu?c t? Daniel Oduber Quirós,-23.55,-51.483334,2408,,America/Sao_Paulo,APU,BR,,,,AP
SJO,KAPV,Sân bay qu?c t? Juan Santamaría,34.52639,-117.212776,2910,,America/Los_Angeles,APV,US,Apple Valley,California,San Bernardino County,AP
SAL,NSFA,Sân bay qu?c t? El Salvador,-13.832271,-171.999494,45,,Pacific/Apia,APW,WS,Satapuala,A'ana,,AP
FRS,SSOG,Sân bay qu?c t? Mundo Maya,-23.483334,-51.466667,2309,,America/Sao_Paulo,APX,BR,Apucarana,Parana,Apucarana,AP
GUA,SNAI,Sân bay qu?c t? La Aurora,-9.133333,-45.933334,941,,America/Fortaleza,APY,BR,Morros,Maranhao,Alto Parnaiba,AP
LCE,SAHZ,Sân bay qu?c t? Golosón,-38.916668,-70.083336,3339,,America/Argentina/Salta,APZ,AR,Zapala,Neuquen,Departamento de Zapala,AP
RTB,SBAQ,Sân bay qu?c t? Juan Manuel Gálvez,-21.816668,-48.13333,2322,http://www.daesp.sp.gov.br/aeroporto-estadual-de-araraquara-bartolomeu-de-gusmao/,America/Sao_Paulo,AQA,BR,Araraquara,Sao Paulo,Araraquara,AP
SAP,MGQC,Sân bay qu?c t? Ramón Villeda Morales,15.01,-91.15,6620,,America/Guatemala,AQB,GT,Santa Cruz del Quiche,Quiche,,AP
TGU,ZSAQ,Sân bay qu?c t? Toncontín,30.5859116,117.0561799,45,,Asia/Shanghai,AQG,CN,Anqing,Anhui Sheng,,AP
MGA,OEPA,Sân bay qu?c t? Augusto C. Sandino,28.3342381,46.1219356,1181,,Asia/Riyadh,AQI,SA,Al Qaysumah,Eastern Province,,AP
BEF,OJAQ,Sân bay Bluefields,29.6101427,35.01904,154,,Asia/Amman,AQJ,JO,Aqaba,Aqaba,,AP
RNI,SJOG,Sân bay Corn Island,-9.933333,-63.066666,334,,America/Porto_Velho,AQM,BR,Ariquemes,Rondonia,Ariquemes,AP
PUZ,SPQU,Sân bay Puerto Cabezas,-16.3423105,-71.56895879,8346,,America/Lima,AQP,PE,Arequipa,Arequipa,Provincia de Arequipa,AP
BOC,NFBG,"Sân bay qu?c t? Bocas del Toro ""Isla Colón""",-17,170.9,32,,Pacific/Fiji,AQS,FJ,,,,AP
DAV,,Sân bay qu?c t? Enrique Malek,60.9659745,-149.1234394,118,,America/Anchorage,AQY,US,,,,AP
PTY,KARA,Sân bay qu?c t? Tocumen,30.03301825,-91.88190743,26,http://www.flyiberiaparish.com/,America/Chicago,ARA,US,Cade,Louisiana,Saint Martin Parish,AP
BON,KARB,Sân bay qu?c t? Flamingo,42.3,-83.75,905,,America/Detroit,ARB,US,Ann Arbor,Michigan,Washtenaw County,AP
AUA,PARC,Sân bay qu?c t? Queen Beatrix,68.1156573,-145.575639,2303,,America/Anchorage,ARC,US,,,,AP
SXM,WATM,Sân bay qu?c t? Princess Juliana,-8.683333,124.53333,0,,Asia/Makassar,ARD,ID,Sifala,East Nusa Tenggara,,AP
CUR,TJAB,Sân bay qu?c t? Hato,18.4506187,-66.67429833,19,,America/Puerto_Rico,ARE,PR,Bajadero,Arecibo,,AP
AXA,,Sân bay qu?c t? Clayton J. Lloyd,0.533333,-70.133333,593,,America/Bogota,ARF,CO,,,,AP
ANU,KARG,Sân bay qu?c t? V. C. Bird,36.066666,-90.95,249,http://walnutridgeairport.com/,America/Chicago,ARG,US,Walnut Ridge,Arkansas,Lawrence County,AP
NAS,ULAA,Sân bay qu?c t? Lynden Pindling,64.599209,40.71860471,32,,Europe/Moscow,ARH,RU,Arkhangel'sk,Arkhangelskaya,,AP
CCZ,SCAR,Sân bay qu?c t? Chub Cay,-18.3527842,-70.34121844,127,,America/Santiago,ARI,CL,Arica,Arica y Parinacota,Provincia de Arica,AP
GGT,WAJA,Sân bay qu?c t? Exuma,-2.933333,140.78334,216,,Asia/Jayapura,ARJ,ID,Arso,Papua,,AP
FPO,HTAR,Sân bay qu?c t? Grand Bahama,-3.366667,36.683334,4609,,Africa/Dar_es_Salaam,ARK,TZ,Arusha,Arusha,,AP
BGI,DFER,Sân bay qu?c t? Grantley Adams,11.5970001,1.483,580,,Africa/Ouagadougou,ARL,BF,,,,AP
GCM,YARM,Sân bay qu?c t? Owen Roberts,-30.5286256,151.6156495,3533,,Australia/Sydney,ARM,AU,Armidale,New South Wales,Armidale Dumaresq,AP
CCC,ESSA,Sân bay Jardines del Rey,59.6467921,17.93704433,88,http://www.swedavia.se/arlanda/,Europe/Stockholm,STO,SE,Marsta,Stockholm,Sigtuna Kommun,AP
HAV,,Sân bay Qu?c t? José Martí,8.85,-76.433334,29,,America/Bogota,ARO,CO,Arboletes,Antioquia,,AP
HOG,,Sân bay Frank Pais,-9.8,149.5,1489,,Pacific/Port_Moresby,ARP,PG,,,,AP
SNU,SKAT,Sân bay Abel Santa María,7.033056,-71.43166,508,,America/Caracas,ARQ,CO,Arauquita,Arauca,,AP
VRA,SAVR,Sân bay Juan Gualberto Gómez,-45.033333,-70.833336,2299,,America/Argentina/Catamarca,ARR,AR,Alto Rio Senguer,Chubut,,AP
DOM,SJVO,Sân bay Melville Hall,-15.8993998,-52.2411003,1033,,America/Sao_Paulo,ARS,BR,Aragarcas,Goias,Aragarcas,AP
BRX,KART,Sân bay qu?c t? María Montez,43.990833,-76.021385,275,,America/New_York,ART,US,Dexter,New York,Jefferson County,AP
LRM,SBAU,Sân bay qu?c t? La Romana,-21.140815,-50.42513909,1341,http://www.daesp.sp.gov.br/aeroporto-estadual-de-aracatuba-dario-guarita/,America/Sao_Paulo,ARU,BR,Aracatuba,Sao Paulo,Aracatuba,AP
PUJ,KARV,Sân bay qu?c t? Punta Cana,45.924168,-89.73222,1614,,America/Chicago,ARV,US,Lac du Flambeau,Wisconsin,Vilas County,AP
AZS,LRAR,Sân bay qu?c t? Samaná El Catey,46.183334,21.266666,357,,Europe/Bucharest,ARW,RO,Arad,Arad,,AP
POP,SBAC,Sân bay qu?c t? Gregorio Luperón,40.216667,-74.1,88,,America/New_York,ARX,US,Shark River Hills,New Jersey,Monmouth County,AP
STI,YARA,Sân bay qu?c t? Cibao,-37.31213875,142.9942952,1010,,Australia/Melbourne,ARY,AU,Ararat,Victoria,Ararat,AP
SDQ,FNZE,Sân bay qu?c t? Las Américas,-7.5,13.5,846,,Africa/Luanda,ARZ,AO,,,,AP
GND,HHSB,Sân bay qu?c t? Maurice Bishop,13.07595515,42.6417473,32,,Africa/Asmara,ASA,ER,,,,AP
PTP,UTAA,Sân bay qu?c t? Pointe-à-Pitre,37.9837541,58.36266734,669,,Asia/Ashgabat,ASB,TM,Ashgabat,Ahal,,AP
PAP,SLAS,Sân bay qu?c t? Toussaint Louverture,-15.916667,-63.15,800,,America/La_Paz,ASC,BO,,,,AP
KIN,MYAF,Sân bay qu?c t? Norman Manley,24.70832875,-77.77238142,32,,America/Nassau,ASD,BS,,,,AP
MBJ,KASE,Sân bay qu?c t? Sangster,39.219685,-106.864685,7762,http://aspenairport.com/,America/Denver,ASE,US,Aspen,Colorado,Pitkin County,AP
FDF,URWA,Sân bay qu?c t? Martinique Aimé Césaire,46.28016705,48.01890715,-78,http://xn--80aaaa9dcahhdbllc1cxhc.xn--p1ai/,Europe/Volgograd,ASF,RU,Yaksatovo,Astrakhan,,AP
MNI,NZAS,Sân bay John A. Osborne,-43.9,171.78334,255,,Pacific/Auckland,ASG,NZ,Ashburton,Canterbury,Ashburton District,AP
BQN,KASH,Sân bay Rafael Hernández,42.78259315,-71.51763053,160,,America/New_York,ASH,US,Nashua,New Hampshire,Hillsborough County,AP
SJU,FHAW,Sân bay qu?c t? Luis Muñoz Marín,-7.966667,-14.4,259,http://www.raf.mod.uk/organisation/stations.cfm?selectStation=9DEB5257-FDEF-6850-8B1CFF5050616CC1#cgi.script_name#,Atlantic/St_Helena,ASI,SH,,,,AP
SBH,RJKA,Sân bay Gustaf III,28.431206,129.7122505,29,,Asia/Tokyo,ASJ,JP,,,,AP
SKB,DIYO,Sân bay qu?c t? Robert L. Bradshaw,6.816667,-5.283333,656,,Africa/Abidjan,ASK,CI,Yamoussoukro,Lacs,,AP
UVF,KASL,Sân bay qu?c t? Hewanorra,32.55,-94.38333,469,,America/Chicago,ASL,US,Marshall,Texas,Harrison County,AP
CIW,HHAS,Sân bay Canouan,15.2932452,38.91610962,7591,,Africa/Asmara,ASM,ER,Asmara,Maekel Region,,AP
SVD,KASN,Sân bay E. T. Joshua,33.433334,-86.1,557,,America/Chicago,ASN,US,Talladega,Alabama,Talladega County,AP
POS,HASO,Sân bay qu?c t? Piarco,10.047222,34.536667,4990,,Africa/Addis_Ababa,ASO,ET,,,,AP
TAB,YBAS,Sân bay qu?c t? Arthur Napoleon Raymond Robinson,-23.8062855,133.897735,1758,http://www.alicespringsairport.com.au/,Australia/Darwin,ASP,AU,,,,AP
PLS,KTMT,Sân bay qu?c t? Providenciales,39.4664739,-117.1970824,5734,,America/Los_Angeles,ASQ,US,,,,AP
EIS,LTAU,Sân bay qu?c t? Terrance B. Lettsome,38.77347525,35.49468493,3428,,Europe/Istanbul,ASR,TR,Kayseri,Kayseri,,AP
STT,FAAR,Sân bay Cyril E. King,-24.7410105,31.5185186,1299,http://arathusa.co.za/getting-to-arathusa-by-scheduled-flight/,Africa/Johannesburg,ASS,ZA,,,,AP
STX,KAST,Sân bay Henry E. Rohlsen,46.15642245,-123.88301,16,,America/Los_Angeles,AST,US,Warrenton,Oregon,Clatsop County,AP
EZE,SGAS,Sân bay qu?c t? Ministro Pistarini,-25.2355931,-57.51563884,232,,America/Asuncion,ASU,PY,Limpio,Central,,AP
AEP,HKAM,Sân bay Jorge Newbery,-2.64532555,37.24857864,3694,,Africa/Nairobi,ASV,KE,Namanga,Kajiado,,AP
COR,HESN,Sân bay qu?c t? Ingeniero Aeronáutico Ambrosio L.V. Taravella,23.96342585,32.82937355,551,,Africa/Cairo,ASW,EG,Aswan,Aswan,,AP
MDZ,KASX,Sân bay qu?c t? Governor Francisco Gabrielli,46.55,-90.916664,793,,America/Chicago,ASX,US,Ashland,Wisconsin,Ashland County,AP
IGR,KASY,Sân bay qu?c t? Cataratas del Iguazú,46.033333,-99.36667,1984,,America/Chicago,ASY,US,Ashley,North Dakota,McIntosh County,AP
RGL,,Sân bay qu?c t? Piloto Civil Norberto Fernández,-5.866667,150.36667,1108,,Pacific/Port_Moresby,ASZ,PG,,,,AP
BRC,SPHZ,Sân bay qu?c t? Teniente Luis Candelaria,-9.34818315,-77.59829151,8927,,America/Lima,ATA,PE,Anta,Ancash,Provincia de Carhuaz,AP
REL,HSAT,Sân bay Almirante Marco A. Zar,17.7068787,34.05635033,1246,,Africa/Khartoum,ATB,SD,Atbara,River Nile,,AP
USH,MYCA,Sân bay qu?c t? Ushuaia – Malvinas Argentinas,24.6302173,-75.675918,29,,America/Nassau,ATC,BS,,,,AP
LPB,AGAT,Sân bay qu?c t? El Alto,-8.872891,161.0112714,59,,Pacific/Guadalcanal,ATD,SB,,,,AP
PSZ,80F,Sân bay qu?c t? Puerto Suárez,34.233334,-95.61667,538,,America/Chicago,ATE,US,Antlers,Oklahoma,Pushmataha County,AP
VVI,SEAM,Sân bay qu?c t? Viru Viru,-1.083333,-78.7,10603,,America/Guayaquil,ATF,EC,San Miguel de Salcedo,Cotopaxi,,AP
AJU,OPMS,Sân bay Santa Maria,33.9,72.25,872,,Asia/Karachi,ATG,PK,Akora,Khyber Pakhtunkhwa,,AP
BEL,LGAV,Sân bay qu?c t? Val de Cães,37.9372535,23.95462429,229,http://www.aia.gr,Europe/Athens,ATH,GR,Spata,Attica,Nomarchia Anatolikis Attikis,AP
CNF,SUAG,Sân bay qu?c t? Tancredo Neves,-30.4,-56.50833,416,,America/Montevideo,ATI,UY,Artigas,Artigas,,AP
BSB,FMME,Sân bay qu?c t? Brasília,-19.85,47.016666,4868,,Indian/Antananarivo,ATJ,MG,Antsirabe,Vakinankaratra,,AP
VCP,PATQ,Sân bay qu?c t? Viracopos-Campinas,70.5,-157.33333,111,,America/Anchorage,ATK,US,,,,AP
CGR,KATL,Sân bay qu?c t? Campo Grande,33.63779875,-84.42927119,1049,http://www.atlanta-airport.com/,America/New_York,ATL,US,,,,AP
XAP,SBHT,Sân bay Chapecó,-3.2,-52.216667,321,,America/Santarem,ATM,BR,Altamira,Para,Altamira,AP
CGB,AYNX,Sân bay qu?c t? Marechal Rondon,-3.66958625,152.4381498,124,,Pacific/Port_Moresby,ATN,PG,,,,AP
CWB,KUNI,Sân bay qu?c t? Afonso Pena,39.333332,-82.1,721,,America/New_York,ATO,US,Athens,Ohio,Athens County,AP
FLN,AYAI,Sân bay qu?c t? Hercílio Luz,-3.166667,142.28334,49,,Pacific/Port_Moresby,ATP,PG,,,,AP
FOR,VIAR,Sân bay qu?c t? Pinto Martins – Fortaleza,31.70858515,74.80044741,738,http://www.aai.aero/allAirports/amritsar_generalinfo.jsp,Asia/Kolkata,ATQ,IN,Raja Sansi,Punjab,Amritsar,AP
GYN,GQPA,Sân bay Santa Genoveva,20.499443,-13.046389,761,,Africa/Nouakchott,ATR,MR,Atar,Adrar,,AP
IOS,KATS,Sân bay Ilhéus Jorge Amado,32.8525152,-104.4664108,3520,,America/Denver,ATS,US,Artesia,New Mexico,Eddy County,AP
JPA,,Sân bay qu?c t? Presidente Castro Pinto,60.8631043,-162.2734311,39,,America/Nome,ATT,US,,,,AP
JDO,PAAT,Sân bay Juazeiro do Norte,52.825832,173.17278,36,,America/Adak,ATU,US,,,,AP
LDB,FTTI,Sân bay Londrina,13.2398308,18.31542056,1059,,Africa/Ndjamena,ATV,TD,Ati,Batha,,AP
MCZ,KATW,Sân bay qu?c t? Zumbi dos Palmares,44.25659495,-88.52169599,859,http://atwairport.com/,America/Chicago,ATW,US,Menasha,Wisconsin,Winnebago County,AP
MAO,,Sân bay qu?c t? Eduardo Gomes,51.8517097,68.3655586,997,,Asia/Almaty,ATX,KZ,Atbasar,Aqmola,,AP
NVT,KATY,Sân bay qu?c t? Navegantes–Ministro Victor Konder,44.9126175,-97.14845997,1722,,America/Chicago,ATY,US,Watertown,South Dakota,Codington County,AP
NAT,HEAT,Sân bay qu?c t? Augusto Severo,27.033333,31,751,,Africa/Cairo,ATZ,EG,Asyut,Asyut,,AP
PFB,TNCA,Sân bay Lauro Kurtz,12.502222,-70.013885,36,,America/Aruba,AUA,AW,Oranjestad,,,AP
PNZ,,Sân bay Petrolina,-11.878603,-55.581735,1223,,America/Cuiaba,AUB,BR,Itauba,Mato Grosso,,AP
POA,SKUC,Sân bay qu?c t? Salgado Filho,7.06803755,-70.73450091,390,,America/Bogota,AUC,CO,Arauca,Arauca,,AP
BPS,YAGD,Sân bay Porto Seguro,-18.5149994,139.878006,98,,Australia/Brisbane,AUD,AU,,,,AP
PVH,,Sân bay qu?c t? Governador Jorge Teixeira de Oliveira,28.90059595,33.20053351,29,,Africa/Cairo,AUE,EG,,,,AP
REC,LFLA,Sân bay qu?c t? Recife/Guararapes–Gilberto Freyre,47.8498956,3.498388157,469,,Europe/Paris,AUF,FR,Appoigny,Bourgogne,Departement de l'Yonne,AP
GIG,KAUG,Sân bay qu?c t? Rio de Janeiro-Galeão,44.318054,-69.79667,314,,America/New_York,AUG,US,Augusta,Maine,Kennebec County,AP
SSA,OMAA,Sân bay qu?c t? Deputado Luís Eduardo Magalhães,24.43189915,54.64197668,55,http://www.abudhabiairport.ae/,Asia/Dubai,AUH,AE,,,,AP
SLZ,AYND,Sân bay qu?c t? Marechal Cunha Machado,-1.4610532,143.0644713,16,,Pacific/Port_Moresby,AUI,PG,,,,AP
GRU,AYAT,Sân bay qu?c t? São Paulo-Guarulhos,-4.21583375,142.8233559,72,,Pacific/Port_Moresby,AUJ,PG,,,,AP
CGH,PAUK,Sân bay qu?c t? Congonhas-São Paulo,62.689167,-164.61084,0,,America/Nome,AUK,US,,,,AP
VIX,,Sân bay Eurico de Aguiar Salles,8.1452799,171.1730042,55,,Pacific/Majuro,AUL,MH,Aur,Aur Atoll,,AP
ANF,KAUM,Sân bay qu?c t? Cerro Moreno,43.666668,-92.98333,1236,,America/Chicago,AUM,US,Austin,Minnesota,Mower County,AP
CCP,KAUN,Sân bay qu?c t? Carriel Sur,38.9,-121.066666,1338,,America/Los_Angeles,AUN,US,Auburn,California,Placer County,AP
PMC,KAUO,Sân bay qu?c t? El Tepual,32.63333,-85.5,636,,America/Chicago,AUO,US,Auburn,Alabama,Lee County,AP
PUQ,AYAG,Sân bay qu?c t? Carlos Ibanez Del Campo,-9.983333,149.58333,6676,,Pacific/Port_Moresby,AUP,PG,,,,AP
SCL,NTMN,Sân bay qu?c t? Comodoro Arturo Merino Benítez,-9.76667795,-139.0097149,1515,,Pacific/Marquesas,AUQ,PF,,,,AP
AXM,LFLW,Sân bay qu?c t? El Edén,44.8975,2.418056,2073,,Europe/Paris,AUR,FR,Aurillac,Auvergne,Departement du Cantal,AP
BAQ,KAUS,Sân bay qu?c t? Ernesto Cortissoz,30.19348925,-97.66500964,505,http://www.ci.austin.tx.us/austinairport/,America/Chicago,AUS,US,Hornsby Bend,Texas,Travis County,AP
BOG,WPAT,Sân bay qu?c t? El Dorado,-8.2435667,125.6066862,42,,Asia/Dili,AUT,ID,,,,AP
BGA,YAUR,Sân bay qu?c t? Palonegro,-13.166667,142.25,200,,Australia/Brisbane,AUU,AU,,,,AP
CLO,AYUM,Sân bay qu?c t? Alfonso Bonilla Aragón,-5.7278249,148.4458293,508,,Pacific/Port_Moresby,AUV,PG,,,,AP
CTG,KAUW,Sân bay qu?c t? Rafael Núñez,44.923332,-89.623055,1184,http://www.ci.wausau.wi.us/Departments/Airport/GeneralInformation.aspx,America/Chicago,AUW,US,Schofield,Wisconsin,Marathon County,AP
CUC,SWGN,Sân bay qu?c t? Camilo Daza,-7.2,-48.2,810,,America/Araguaina,AUX,BR,Araguaina,Tocantins,Araguaina,AP
LET,NVVA,Sân bay qu?c t? Alfredo Vásquez Cobo,-20.333332,169.66667,0,,Pacific/Efate,AUY,VU,,,,AP
MDE,KARR,Sân bay qu?c t? José María Córdova,41.75,-88.316666,702,,America/Chicago,AUZ,US,Aurora,Illinois,Kane County,AP
PEI,ZUAS,Sân bay qu?c t? Matecaña,26.257221,105.87278,4832,,Asia/Chongqing,AVA,CN,Anshun,Guizhou Sheng,,AP
ADZ,LIPA,Sân bay qu?c t? Gustavo Rojas Pinilla,46.03136845,12.60204762,354,http://www.aviano.af.mil/,Europe/Rome,AVB,IT,Roveredo in Piano,Friuli Venezia Giulia,Provincia di Pordenone,AP
SMR,YAUV,Sân bay qu?c t? Simón Bolívar,-15.6852565,130.0083823,45,,Australia/Darwin,AVG,AU,,,,AP
GYE,MUCA,Sân bay qu?c t? José Joaquín de Olmedo,22.025,-78.79139,259,,America/Havana,AVI,CU,Ciro Redondo,Ciego de Avila,,AP
UIO,ZMAH,Sân bay qu?c t? Mariscal Sucre,46.2484762,102.8046924,5787,,Asia/Ulaanbaatar,AVK,MN,Arvayheer,OEvoerhangay,,AP
TUA,KAVL,Sân bay qu?c t? Teniente Coronel Luis a Mantilla,35.4364233,-82.54088095,2119,,America/New_York,AVL,US,Fletcher,North Carolina,Henderson County,AP
CAY,LFMV,Sân bay Cayenne – Félix Eboué,43.9,4.9,144,,Europe/Paris,AVN,FR,Noves,Provence-Alpes-Cote d'Azur,Departement des Bouches-du-Rhone,AP
GEO,KAVO,Sân bay qu?c t? Cheddi Jagan,27.6,-81.51667,232,,America/New_York,AVO,US,Avon Park,Florida,Highlands County,AP
ASU,KAVP,Sân bay qu?c t? Silvio Pettirossi,41.33709205,-75.72257123,921,http://www.flyavp.com/,America/New_York,AVP,US,Avoca,Pennsylvania,Luzerne County,AP
AGT,LPAR,Sân bay qu?c t? Guarani,38.8833008,-9.0300999,42,,Europe/Lisbon,AVR,PT,Sobralinho,Lisbon,Vila Franca de Xira,AP
AQP,AGGJ,Sân bay qu?c t? Rodríguez Ballón,-9.833333,160.38333,95,,Pacific/Guadalcanal,AVU,SB,,,,AP
CUZ,YMAV,Sân bay qu?c t? Alejandro Velasco Astete,-38.0415747,144.4722515,39,https://www.avalonairport.com.au/,Australia/Melbourne,MEL,AU,Little River,Victoria,Wyndham,AP
LIM,KAVQ,Sân bay qu?c t? Jorge Chávez,32.4113732,-111.2174879,2004,,America/Phoenix,TUS,US,Marana,Arizona,Pima County,AP
PBM,KAVX,Sân bay qu?c t? Johan Adolf Pengel,33.341667,-118.31528,0,http://www.catalinaconservancy.org/index.php?s=visit&p=pilot_information,America/Los_Angeles,AVX,US,,,,AP
MVD,HALA,Sân bay qu?c t? Carrasco,7.0643514,38.4910115,5511,,Africa/Addis_Ababa,AWA,ET,Hawassa,"Southern Nations, Nationalities, and People's Region",,AP
PDP,AYAW,Sân bay qu?c t? Capitán de Corbeta Carlos A. Curbelo,-8.016667,142.75,0,,Pacific/Port_Moresby,AWB,PG,Awaba,Western Province,,AP
CCS,NVVB,Sân bay qu?c t? Simón Bolívar,-19.25,169.5,0,,Pacific/Efate,AWD,VU,,,,AP
MAR,FOGW,Sân bay qu?c t? La Chinita,-0.75,9.45,360,,Africa/Libreville,AWE,GA,,,,AP
VLN,PWAK,Sân bay qu?c t? Arturo Michelena,19.28335215,166.633617,19,,Pacific/Wake,AWK,UM,,,,AP
ALY,KAWM,Sân bay qu?c t? Alexandria,35.13333,-90.183334,193,,America/Chicago,AWM,US,West Memphis,Arkansas,Crittenden County,AP
ASW,YADS,Sân bay qu?c t? Aswan,-26.25,138.66667,104,,Australia/Adelaide,AWN,AU,,,,AP
CAI,YAUS,Sân bay qu?c t? Cairo,-20.4940024,137.7652929,672,,Australia/Darwin,AWP,AU,,,,AP
HRG,,Sân bay qu?c t? Hurghada,-4.124167,144.87029,0,,Pacific/Port_Moresby,AWR,PG,,,,AP
LXR,OIAW,Sân bay qu?c t? Luxor,31.3375148,48.76183763,45,,Asia/Tehran,AWZ,IR,Ahvaz,Khuzestan,,AP
RMF,TQPF,Sân bay qu?c t? Marsa Alam,18.2054832,-63.05608188,114,http://www.news.ai/ref/airport.html,America/Anguilla,AXA,AI,The Valley,,,AP
MUH,89NY,Sân bay qu?c t? Marsa Matruh,44.2525,-75.90139,423,http://www.maxsonairfield.com/,America/New_York,AXB,US,Alexandria Bay,New York,Jefferson County,AP
SSH,YAMC,Sân bay qu?c t? Sharm el-Sheikh,-22.95728355,145.2483286,751,,Australia/Brisbane,AXC,AU,,,,AP
TCP,LGAL,Sân bay qu?c t? Taba,40.85631045,25.9553406,13,,Europe/Athens,AXD,GR,Alexandroupoli,East Macedonia and Thrace,Nomos Evrou,AP
BEN,SSXX,Sân bay qu?c t? Benina,-26.8749455,-52.37339732,2929,,America/Sao_Paulo,AXE,BR,Xanxere,Santa Catarina,Xanxere,AP
SEB,ZBAL,Sân bay Sabha,38.7476971,105.586124,4580,,Asia/Chongqing,AXF,CN,Bayan Hot,Inner Mongolia,Alxa Left Banner,AP
TIP,KAXA,Sân bay qu?c t? Tripoli,43.0778426,-94.2714143,1141,,America/Chicago,AXG,US,Algona,Iowa,Kossuth County,AP
AZR,RJDA,Sân bay Touat-Cheikh Sidi Mohamed Belkebir,32.4822166,130.15846,298,,Asia/Tokyo,AXJ,JP,Hondo,Kumamoto,,AP
ALG,OYAT,Sân bay Houari Boumediene,13.866667,46.3,2221,,Asia/Aden,AXK,YE,,,,AP
AAE,YALX,Sân bay Rabah Bitat,-19.083332,136.66667,751,,Australia/Darwin,AXL,AU,,,,AP
BLJ,SKAR,Sân bay Mostépha Ben Boulaid,4.452869,-75.76804,4012,,America/Bogota,AXM,CO,La Tebaida,Quindio,,AP
BJA,KAXN,Sân bay Soummam – Abane Ramdane,45.86722,-95.394165,1423,,America/Chicago,AXN,US,Alexandria,Minnesota,Douglas County,AP
BSK,,Sân bay Biskra,-8.244694,124.219278,49,,Asia/Makassar,AXO,ID,Pantar,,,AP
CFK,MYAP,Sân bay qu?c t? Chlef,22.45,-73.96667,32,,America/Nassau,AXP,BS,Masons Bay,Acklins,,AP
CZL,NTGU,Sân bay qu?c t? Mohamed Boudiaf,-15.25,-146.75,0,,Pacific/Tahiti,AXR,PF,Arutua,,,AP
HME,KAXS,Sân bay Oued Irara–Krim Belkacem,34.69881,-99.33847,1420,,America/Chicago,LTS,US,,,,AP
GJL,RJSK,Sân bay Jijel Ferhat Abbas,39.614616,140.2193503,285,,Asia/Tokyo,AXT,JP,Akita,Akita,,AP
ORN,HAAX,Sân bay Oran Es Sénia,14.120833,38.716667,6978,,Africa/Addis_Ababa,AXU,ET,Aksum,Tigray,,AP
QSF,KAXV,Sân bay Ain Arnat,40.566666,-84.2,895,,America/New_York,AXV,US,Wapakoneta,Ohio,Auglaize County,AP
TMR,KAXX,Sân bay Aguenar – Hadj Bey Akhamok,36.4202498,-105.2910646,8362,,America/Denver,AXX,US,Angel Fire,New Mexico,Colfax County,AP
TLM,,Sân bay Zenata – Messali El Hadj,8.3,-75.15,141,,America/Bogota,AYA,CO,Ayapel,Cordoba,,AP
NDJ,,Sân bay qu?c t? N'Djamena,8.6021333,-73.6131384,393,,America/Bogota,AYC,CO,Pelaya,Cesar,,AP
AGA,,Sân bay Agadir–Al Massira,-19.3,135.95,688,,Australia/Darwin,AYD,AU,,,,AP
CMN,,Sân bay qu?c t? Mohammed V,42.55,-71.6,269,,America/New_York,AYE,US,Ayer,Massachusetts,Middlesex County,AP
FEZ,SKYA,Sân bay Fes–Saïss,1.533333,-73.933334,770,,America/Bogota,AYG,CO,,,,AP
RAK,,Sân bay Marrakesh Menara,-0.333333,-72.333336,485,,America/Bogota,AYI,CO,,,,AP
NDR,VEAY,Sân bay qu?c t? Nador,26.748034,82.150781,335,,Asia/Kolkata,AYJ,IN,Faizabad,Uttar Pradesh,,AP
OUD,UAUR,Sân bay Angads,50.3151662,66.94696205,1259,,Asia/Qyzylorda,AYK,KZ,Arkalyk,Qostanay,,AP
RBA,YANL,Sân bay Rabat–Salé,-18.0197941,135.5420203,711,,Australia/Darwin,AYL,AU,,,,AP
TNG,,Sân bay Tangier Ibn Battouta,24.467,54.6103,42,,Asia/Dubai,AUH,AE,,,,AP
TTU,ZHAY,Sân bay Sania Ramel,36.13225015,114.3410297,236,,Asia/Shanghai,AYN,CN,Anyang,Henan Sheng,,AP
KRT,SGAY,Sân bay qu?c t? Khartoum,-27.36826105,-56.85414431,206,,America/Asuncion,AYO,PY,Ayolas,Misiones,,AP
VIL,SPHO,Sân bay Dakhla,-13.197222,-74.24722,10423,,America/Lima,AYP,PE,Carmen Alto,Ayacucho,Provincia de Huamanga,AP
EUN,YAYE,Sân bay Hassan I,-25.18184745,130.9757678,1591,,Australia/Darwin,AYQ,AU,,,,AP
DJE,YAYR,Sân bay qu?c t? Djerba–Zarzis,-19.5942228,147.3270922,59,,Australia/Brisbane,AYR,AU,Ayr,Queensland,Burdekin,AP
NBE,KAYS,Sân bay qu?c t? Enfidha – Hammamet,31.24847785,-82.39377481,177,,America/New_York,AYS,US,Deenwood,Georgia,Ware County,AP
MIR,LTAI,Sân bay qu?c t? Monastir Habib Bourguiba,36.89994245,30.79819145,137,http://www.antalya.dhmi.gov.tr/havaalanlari/default.aspx?hv=4,Europe/Istanbul,AYT,TR,Aksu,Antalya,,AP
SFA,AYAY,Sân bay qu?c t? Sfax–Thyna,-6.3366412,145.9029898,5328,,Pacific/Port_Moresby,AYU,PG,,,,AP
TBJ,WASA,Sân bay qu?c t? Tabarka–Ain Draham,-1.2,132.5,1840,,Asia/Jayapura,AYW,ID,Aifat,West Papua,,AP
TOE,SPAY,Sân bay qu?c t? Tozeur–Nefta,-10.72845785,-73.76907296,767,,America/Lima,AYX,PE,Puerto Ocopa,Junin,Provincia de Satipo,AP
TUN,,Sân bay qu?c t? Tunis-Carthage,6.86,81.82388889,9,,Asia/Colombo,AYY,LK,,,,AP
GOA,,Sân bay qu?c t? Goma,40.666668,-73.416664,26,,America/New_York,AYZ,US,Amityville,New York,Suffolk County,AP
NLO,KIWA,Sân bay N'djili,33.30591455,-111.6526441,1309,http://www.flywga.org/,America/Phoenix,PHX,US,Queen Creek,Arizona,Maricopa County,AP
FKI,,Sân bay qu?c t? Bangoka,-10.15,148.81667,42,,Pacific/Port_Moresby,AZB,PG,,,,AP
FBM,OIYY,Sân bay qu?c t? Lubumbashi,31.903603,54.283264,4055,,Asia/Tehran,AZD,IR,Yazd,Yazd,,AP
BZV,MMAG,Sân bay Maya-Maya,19.068056,-102.352776,1003,,America/Mexico_City,AZG,MX,Apatzingan,Michoacan,Apatzingan,AP
PNR,VEAH,Sân bay Pointe Noire,26.153333,83.118333,250,,Asia/Kolkata,AZH,IN,Manduri,Uttar Pradesh,Azamgarh,AP
SSG,OMAD,Sân bay qu?c t? Malabo,24.419167,54.451668,36,,Asia/Dubai,AUH,AE,,,,AP
LBV,,Sân bay qu?c t? Leon M'ba,31.91226656,119.7839565,39,http://czjc.changzhou.gov.cn/,Asia/Shanghai,AZJ,CN,Changzhou,Jiangsu,Xinbei District,AP
TMS,SWTU,Sân bay qu?c t? São Tomé,-13.465528,-58.866935,2020,,America/Cuiaba,AZL,BR,,,,AP
BJM,UTFA,Sân bay qu?c t? Bujumbura,40.7265439,72.29303829,1558,,Asia/Tashkent,AZN,UZ,Andijon,Andijon,,AP
HAH,KAZO,Sân bay qu?c t? Prince Said Ibrahim,42.2307865,-85.55104192,803,,America/Detroit,AZO,US,Portage,Michigan,Kalamazoo County,AP
JIB,MMJC,Sân bay qu?c t? Djibouti-Ambouli,19.416668,-99.1,7322,,America/Mexico_City,MEX,MX,Iztacalco,Mexico City,Iztacalco,AP
ASM,DAUA,Sân bay qu?c t? Asmara,27.883333,-0.283333,853,,Africa/Algiers,AZR,DZ,Adrar,Adrar,,AP
ADD,MDCY,Sân bay qu?c t? Addis Ababa Bole,19.270555,-69.736946,49,,America/Santo_Domingo,AZS,DO,Sanchez,Samana,,AP
DIR,,Sân bay qu?c t? Aba Tenna Dejazmach Yilma,6.866667,-73.25,4944,,America/Bogota,AZT,CO,Betulia,Santander,,AP
EDL,FNAM,Sân bay qu?c t? Eldoret,-7.883333,13.15,88,,Africa/Luanda,AZZ,AO,Nzeto,Zaire,,AP
MBA,AYBL,Sân bay qu?c t? Moi,-5.33150125,151.0096216,59,,Pacific/Port_Moresby,BAA,PG,,,,AP
KIS,KBAB,Sân bay qu?c t? Kisumu,39.15,-121.583336,85,,America/Los_Angeles,MYV,US,Marysville,California,Yuba County,AP
NBO,,Sân bay qu?c t? Jomo Kenyatta,4.5728352,-72.9754852,790,,America/Bogota,BAC,CO,Barranca de Upia,Meta,,AP
MRU,KBAD,Sân bay qu?c t? Sir Seewoosagur Ramgoolam,32.5,-93.666664,170,,America/Chicago,SHV,US,Bossier City,Louisiana,Bossier Parish,AP
KGI,LFMR,Sân bay qu?c t? Kigali,44.3871772,6.608085546,3697,,Europe/Paris,BAE,FR,Barcelonnette,Provence-Alpes-Cote d'Azur,Departement des Alpes-de-Haute-Provence,AP
BSA,KBAF,Sân bay qu?c t? Bender Qassim,42.13333,-72.75,206,,America/New_York,BAF,US,Westfield,Massachusetts,Hampden County,AP
GBY,RPUB,Sân bay qu?c t? Abdullahi Yusuf,16.375076,120.6192708,4219,,Asia/Manila,BAG,PH,Tuding,Cordillera,Province of Benguet,AP
GGR,OBBI,Sân bay qu?c t? Garowe,26.2697012,50.63290321,36,http://www.bahrainairport.com/,Asia/Bahrain,BAH,BH,Al Muharraq,Muharraq,,AP
HGA,MRBA,Sân bay qu?c t? Hargeisa,9.166667,-83.333336,1227,,America/Costa_Rica,BAI,CR,Buenos Aires,Puntarenas,,AP
KMU,,Sân bay Kismayo,-4.833333,149.13333,0,,Pacific/Port_Moresby,BAJ,PG,,,,AP
MGQ,LTCJ,Sân bay qu?c t? Aden Adde,37.916668,41.083332,1765,,Europe/Istanbul,BAL,TR,Yenikoy,Batman,,AP
VTR,KBAM,Sân bay qu?c t? Seychelles,40.63333,-116.933334,4494,http://www.battlemountainairport.com/default.htm,America/Los_Angeles,BAM,US,Battle Mountain,Nevada,Lander County,AP
JUB,FZVR,Sân bay qu?c t? Juba,-4.3151816,20.4142387,1302,,Africa/Lubumbashi,BAN,CD,,,,AP
DAR,,Sân bay qu?c t? Julius Nyerere,17.385,102.79278,580,,Asia/Bangkok,BAO,TH,,,,AP
JRO,,Sân bay qu?c t? Kilimanjaro,-10.333333,149.75,104,,Pacific/Port_Moresby,BAP,PG,,,,AP
ZNZ,SKBQ,Sân bay qu?c t? Abeid Amani Karume,10.886398,-74.77618,75,,America/Bogota,BAQ,CO,Malambo,Atlantico,,AP
EBB,ZJQH,Sân bay qu?c t? Entebbe,55.333332,-133.6,954,,America/Sitka,BAR,US,,,,AP
COO,AGGE,Sân bay Cadjehoun,-6.9911804,155.8855471,36,,Pacific/Guadalcanal,BAS,SB,,,,AP
BOY,SNBA,Sân bay Bobo Dioulasso,-20.55,-48.55,1732,,America/Sao_Paulo,BAT,BR,Barretos,Sao Paulo,Barretos,AP
OUA,,Sân bay Ouagadougou,-22.3450535,-49.05328146,2047,,America/Sao_Paulo,BRI,BR,Bauru,Sao Paulo,,AP
DLA,ZBOW,Sân bay qu?c t? Douala,40.56068065,109.9999814,3300,,Asia/Chongqing,BAV,CN,Shulinzhao,Inner Mongolia,,AP
NSI,,Sân bay qu?c t? Yaoundé Nsimalen,-0.666667,146.35,0,,Africa/Libreville,BAW,GA,,,,AP
BVC,UNBB,Sân bay qu?c t? Aristides Pereira,53.3635611,83.55045362,839,http://airaltay.ru/,Asia/Omsk,BAX,RU,Gon'ba,Altai Krai,,AP
SID,LRBM,Sân bay qu?c t? Amílcar Cabral,47.65,23.466667,580,https://aimm.eu/,Europe/Bucharest,BAY,RO,Tautii Magherus,Maramures,,AP
RAI,SWBC,Sân bay qu?c t? Nelson Mandela,-0.966944,-62.933613,137,,America/Manaus,BAZ,BR,Barcelos,Amazonas,Barcelos,AP
VXE,SCBA,Sân bay Cesária Évora,-45.916668,-71.695,1696,,America/Santiago,BBA,CL,,,,AP
BGF,KBBB,Sân bay qu?c t? Bangui M'Poko,45.331944,-95.650556,1026,,America/Chicago,BBB,US,Benson,Minnesota,Swift County,AP
ABJ,KBYY,Sân bay Port Bouet,28.983334,-95.96667,72,http://www.flybaycity.com/,America/Chicago,BBC,US,Bay City,Texas,Matagorda County,AP
BJL,KBBD,Sân bay qu?c t? Banjul,31.133333,-99.333336,1686,,America/Chicago,BBD,US,Brady,Texas,McCulloch County,AP
ACC,,Sân bay qu?c t? Kotoka,42.5,-71.183334,154,,America/New_York,BBF,US,Burlington,Massachusetts,Middlesex County,AP
TML,NGTU,Sân bay Tamale,3.166667,172.75,0,,Pacific/Tarawa,BBG,KI,,,,AP
CKY,EDBH,Sân bay qu?c t? Conakry,54.33965175,12.71262634,26,,Europe/Berlin,BBH,DE,,,,AP
OXB,VEBS,Sân bay qu?c t? Osvaldo Vieira,20.25229545,85.81348472,121,http://aai.aero/allAirports/bhubaneshwar_generalinfo.jsp,Asia/Kolkata,BBI,IN,Bhubaneshwar,Odisha,Khordha,AP
Không,EDRB,Sân bay Bafatá,49.946165,6.565966669,1220,,Europe/Berlin,BBJ,DE,Bitburg,Rheinland-Pfalz,,AP
BQE,FBKE,Sân bay Bubaque,-17.83045705,25.16436706,3277,,Africa/Gaborone,BBK,BW,Kasane,North West,,AP
Không,YLLE,Sân bay Cufar,27.408333,141.808333,385,,Australia/Brisbane,BBL,AU,,,,AP
ROB,VDBG,Sân bay qu?c t? Roberts,13.0956576,103.2269494,45,,Asia/Phnom_Penh,BBM,KH,Battambang,Battambang,,AP
BKO,WBGZ,Sân bay qu?c t? Bamako–Sénou,3.683333,115.46667,3497,,Asia/Kuching,BBN,MY,,,,AP
NKC,HCMI,Sân bay qu?c t? Nouakchott,10.419444,45.00639,59,,Africa/Mogadishu,BBO,SO,Berbera,Woqooyi Galbeed,,AP
NIM,EGHJ,Sân bay qu?c t? Diori Hamani,50.6791033,-1.109752386,26,http://www.eghj.com/,Europe/London,BBP,GB,,,,AP
ABV,TAPH,Sân bay qu?c t? Nnamdi Azikiwe,17.555555,-61.765,45,,America/Antigua,BBQ,AG,Codrington,Barbuda,,AP
CAN,TFFB,Sân bay qu?c t? Mallam Aminu Kano,16.01391785,-61.74331842,39,,America/Guadeloupe,BBR,GP,Baillif,Guadeloupe,Guadeloupe,AP
LOS,EGLK,Sân bay qu?c t? Murtala Muhammed,51.3228059,-0.8405417,321,http://www.blackbusheairport.co.uk/,Europe/London,BBS,GB,Yateley,England,Hampshire,AP
PHC,FEFT,Sân bay qu?c t? Port Harcourt,4.2228219,15.78601959,1886,,Africa/Bangui,BBT,CF,Berberati,Mambere-Kadei,,AP
DKR,LRBS,Sân bay qu?c t? Léopold Sédar Senghor,44.50029205,26.09022832,278,http://www.baneasa-airport.ro/,Europe/Bucharest,BUH,RO,,,,AP
FNA,DIGN,Sân bay qu?c t? Lungi,4.666667,-6.95,22,,Africa/Abidjan,BBV,CI,,,,AP
LFW,KBBW,Sân bay Lomé-Tokoin,41.4,-99.63333,2463,,America/Chicago,BBW,US,Broken Bow,Nebraska,Custer County,AP
LAD,KLOM,Sân bay Quatro de Fevereiro,40.136665,-75.2675,301,,America/New_York,BBX,US,Blue Bell,Pennsylvania,Montgomery County,AP
SSD,FEFM,Sân bay Lubango,5.84805,20.6470806,1545,,Africa/Bangui,BBY,CF,Bambari,Ouaka,,AP
GBE,FLZB,Sân bay qu?c t? Sir Seretse Khama,-13.5365145,23.10703183,3540,,Africa/Lusaka,BBZ,ZM,,,,AP
MUB,MUBA,Sân bay Maun,20.35,-74.5,26,,America/Havana,BCA,CU,Baracoa,Guantanamo,,AP
FRW,KBCB,Sân bay qu?c t? Francistown,37.20921745,-80.41201042,2076,http://www.vtbcb.com/index.php,America/New_York,BCB,US,Blacksburg,Virginia,Montgomery County,AP
BBK,Z48,Sân bay Kasane,63.571667,-156.144167,623,,America/Anchorage,BCC,US,Red Lodge,Montana,Carbon County,AP
MSU,RPVB,Sân bay qu?c t? Moshoeshoe I,10.644815,122.93359,32,http://www.bacolod-silayairport.com/,Asia/Manila,BCD,PH,Bacolod City,Western Visayas,Province of Negros Occidental,AP
TNR,KBCE,Sân bay qu?c t? Ivato,37.70752165,-112.1501399,7582,http://www.brycecanyonairport.com/,America/Denver,BCE,US,,,,AP
DIE,FEGU,Sân bay Arrachart,6.75,18.416668,1732,,Africa/Bangui,BCF,CF,Bouca,Ouham,,AP
MJN,SYBE,Sân bay Amborovy,6.55,-58.55,160,,America/Guyana,BCG,GY,,,,AP
NOS,WPEC,Sân bay Fascene,-8.491667,126.39972,1669,,Asia/Dili,BCH,TL,Baucau,Baucau,,AP
TMM,YBAR,Sân bay Toamasina,-23.56550565,145.3020629,846,,Australia/Brisbane,BCI,AU,,,,AP
FTU,,Sân bay Tôlanaro,39,-106,9258,,America/Denver,BCJ,US,Buena Vista,Colorado,Chaffee County,AP
TLE,YBWR,Sân bay Toliara,-17.3882999,144.1690063,984,,Australia/Brisbane,BCK,AU,Atherton,Queensland,Tablelands,AP
BLZ,MRBC,Sân bay qu?c t? Chileka,10.833333,-82.96667,3,,America/Costa_Rica,BCL,CR,Matina,Limon,,AP
LLW,LRBC,Sân bay qu?c t? Lilongwe,46.59861,26.881945,557,http://www.bacauairport.ro/,Europe/Bucharest,BCM,RO,Margineni-Munteni,Bacau,,AP
DZA,LEBL,Sân bay qu?c t? Dzaoudzi Pamandzi,41.29694395,2.079047363,22,http://www.aena.es/en/barcelona-airport/index.html,Europe/Madrid,BCN,ES,El Prat de Llobregat,Catalonia,Provincia de Barcelona,AP
MPM,HABC,Sân bay qu?c t? Maputo,5.783333,36.55,4606,,Africa/Addis_Ababa,BCO,ET,,,,AP
BEW,AYBC,Sân bay Beira,-5.85,146.48334,4301,,Pacific/Port_Moresby,BCP,PG,,,,AP
INH,,Sân bay Inhambane,27.683332,14.216667,1509,,Africa/Tripoli,BCQ,LY,Brak,Sha`biyat Wadi ash Shati',,AP
APL,SWNK,Sân bay Nampula,-8.75,-67.38333,377,,America/Manaus,BCR,BR,Boca do Acre,Amazonas,Boca Do Acre,AP
POL,65LA,Sân bay Pemba,29.966667,-90,22,http://southernseaplane.com/cms/?page_id=460,America/Chicago,BCS,US,,,,AP
TET,KBCT,Chingozi Airport,26.35,-80.083336,52,,America/New_York,BCT,US,Boca Raton,Florida,Palm Beach County,AP
VNX,DNBC,Sân bay Vilankulo,10.366667,9.8,1932,,Africa/Lagos,BCU,NG,Bauchi,Bauchi,,AP
WDH,,Sân bay qu?c t? Windhoek Hosea Kutako,17.269211,-88.7754724,177,http://www.flightstats.com/go/Airport/airportDetails.do?airportCode=BCV,America/Belize,BCV,BZ,,,,AP
WVB,,Sân bay Walvis Bay,-21.884722,35.425,52,,Africa/Maputo,BCW,MZ,,,,AP
CPT,UWUB,Sân bay qu?c t? Cape Town,53.933334,58.333332,1781,,Asia/Yekaterinburg,BCX,RU,Lomovka,Bashkortostan,,AP
DUR,,Sân bay qu?c t? King Shaka,6.216667,36.666668,6066,,Africa/Addis_Ababa,BCY,ET,Felege Neway,"Southern Nations, Nationalities, and People's Region",,AP
JNB,,Sân bay qu?c t? OR Tambo,-13.783333,137.8,85,,Australia/Darwin,BCZ,AU,,,,AP
MQP,TXKF,Sân bay qu?c t? Kruger Mpumalanga,32.3616236,-64.66575514,19,http://www.bermudaairport.com/,Atlantic/Bermuda,BDA,BM,,,,AP
HLA,YBUD,Sân bay qu?c t? Lanseria,-24.90353975,152.3196524,82,http://bundaberg.qld.gov.au/services/airport,Australia/Brisbane,BDB,AU,Thabeban,Queensland,Bundaberg,AP
MTS,SNBC,Sân bay Matsapha,-5.466667,-45.266666,551,,America/Fortaleza,BDC,BR,Barra do Corda,Maranhao,Barra Do Corda,AP
LVI,YBAU,Sân bay qu?c t? Harry Mwanga Nkumbula,-10.14901485,142.1730593,16,,Australia/Brisbane,BDD,AU,,,,AP
LUN,KBDE,Sân bay qu?c t? Kenneth Kaunda,48.7232658,-94.6044845,1056,,America/Chicago,BDE,US,,,,AP
NLA,3IS8,Sân bay qu?c t? Simon Mwansa Kapwepwe,41.183334,-89.65,787,,America/Chicago,BDF,US,Wyoming,Illinois,Stark County,AP
HRE,KBDG,Sân bay qu?c t? Harare,37.581466,-109.480294,5816,,America/Denver,BDG,US,Blanding,Utah,San Juan County,AP
VFA,OIBL,Victoria Falls Airport,26.53298565,54.82975543,78,,Asia/Tehran,BDH,IR,Bandar-e Lengeh,Hormozgan,,AP
BUQ,FSSB,Sân bay qu?c t? Joshua Mqabuko Nkomo,-3.7242605,55.20523768,36,,Indian/Mahe,BDI,SC,Bel Ombre,Bel Ombre,,AP
DOH,WAOO,,-3.44028625,114.7565086,36,,Asia/Makassar,BDJ,ID,Banjarbaru,South Kalimantan,,AP
CDG,DIBU,,8.0151654,-2.763268016,1227,,Africa/Abidjan,BDK,CI,Bondoukou,Zanzan,,AP
BUD,KBDL,,41.9405835,-72.68501994,173,http://www.bradleyairport.com/,America/New_York,BDL,US,Windsor Locks,Connecticut,Hartford County,AP
DOH,LTBG,,40.31775555,27.98138696,114,,Europe/Istanbul,BDM,TR,Bandirma,Balikesir,,AP
BNE,OPTH,Sân bay Brisbane,24.633333,68.9,42,,Asia/Karachi,BDN,PK,Badin,Sindh,,AP
OOL,WICC,Sân bay Gold Coast - Úc,-6.89951685,107.5760475,2421,,Asia/Jakarta,BDO,ID,Bandung,West Java,,AP
LHR,VNCG,Sân bay Heathrow,26.5707714,88.07832041,249,,Asia/Kathmandu,BDP,NP,Bhadrapur,Eastern Region,,AP
FRA,VABO,Sân bay qu?c t? Frankfurt,22.33681675,73.22706887,144,http://aai.aero/allAirports/vadodara_generalinfo.jsp,Asia/Kolkata,BDQ,IN,Vadodara,Gujarat,Vadodara,AP
BJS,KBDR,Sân bay qu?c t? B?c Kinh,41.16271485,-73.12617523,22,,America/New_York,BDR,US,,,,AP
SHA,LIBR,Sân bay qu?c t? H?ng Ki?u,40.661605,17.94857755,16,http://www.seap-puglia.it/default.asp?idlingua=2&idcontenuto=29,Europe/Rome,BDS,IT,Materdomini,Apulia,Provincia di Brindisi,AP
CAN,FZFD,Sân bay qu?c t? B?ch Vân,4.083333,22.45,1318,,Africa/Kinshasa,BDT,CD,Ouango,Mbomou,,AP
HGH,ENDU,Sân bay qu?c t? Tiêu S?n,69.05482565,18.54066538,196,https://avinor.no/en/airport/bardufoss-airport/,Europe/Oslo,BDU,NO,Moen,Troms,Malselv,AP
CTU,FZRB,Sân bay qu?c t? Song L?u,-7,29.8,2536,,Africa/Lubumbashi,BDV,CD,Karema,Katavi,,AP
TPE,YBDF,Sân bay qu?c t? ?ào Viên,-17.2872764,127.464074,1738,,Australia/Perth,BDW,AU,,,,AP
KHH,00F,Sân bay qu?c t? Cao Hùng,45.466667,-105.36667,3077,,America/Denver,BDX,US,Broadus,Montana,Powder River County,AP
FUK,S05,Sân bay Fukuoka,43.11667,-124.416664,52,,America/Los_Angeles,BDY,US,Bandon,Oregon,Coos County,AP
NGO,AYBG,Sân bay qu?c t? Chubu Centrair,-6.34697415,146.9418623,4373,,Pacific/Port_Moresby,BDZ,PG,,,,AP
KIX,,Sân bay qu?c t? Kansai,-8.65,146.48334,193,,Pacific/Port_Moresby,BEA,PG,,,,AP
NRT,EGPL,Sân bay qu?c t? Narita,57.4807797,-7.365274894,32,http://www.hial.co.uk/benbecula-airport.html,Europe/London,BEB,GB,Benbecula,Scotland,Eilean Siar,AP
HND,KBEC,Sân bay qu?c t? Tokyo,37.683334,-97.333336,1295,,America/Chicago,ICT,US,,,,AP
OSA,KBED,Sân bay qu?c t? Osaka,42.46795055,-71.28436914,88,http://www.massport.com/hansc/,America/New_York,BED,US,Bedford,Massachusetts,Middlesex County,AP
PUS,YBGB,Sân bay qu?c t? Gimhae,-16.966667,122.666664,19,,Australia/Perth,BEE,AU,,,,AP
ICN,MNBL,Sân bay qu?c t? Incheon,11.9910456,-83.77366038,36,,America/Managua,BEF,NI,Bluefields,Atlantico Sur,,AP
PNH,LYBE,Sân bay qu?c t? Phnom Penh,44.81827305,20.30236961,272,http://www.beg.aero/,Europe/Belgrade,BEG,RS,Surcin,Central Serbia,Belgrade,AP
REP,KBEH,Sân bay qu?c t? Siem Reap,42.127777,-86.42833,606,http://www.swmiairport.com/1201.html,America/Detroit,BEH,US,Benton Heights,Michigan,Berrien County,AP
VTE,HABE,Sân bay qu?c t? Wattay,9.39096515,34.51957774,5275,,Africa/Addis_Ababa,BEI,ET,Asosa,Binshangul Gumuz,Asosa,AP
LPQ,WAQT,Sân bay qu?c t? Luang Phrabang,2.166667,117.7,49,,Asia/Makassar,BEJ,ID,,,,AP
CGK,VIBY,Sân bay qu?c t? Soekarno-Hatta,26.216667,81.23333,364,,Asia/Kolkata,BEK,IN,Rae Bareli,Uttar Pradesh,Rae Bareli,AP
DPS,SBBE,Sân bay qu?c t? Ngurah Rai,-1.3798578,-48.4796461,19,http://www.infraero.gov.br/index.php/br/aeroportos/para/aeroporto-internacional-de-belem.html,America/Belem,BEL,BR,Belem,Para,Belem,AP
KNO,GMMD,Sân bay qu?c t? Kuala Namu,32.40255875,-6.315766147,1696,http://ww.onda.ma,Africa/Casablanca,BEM,MA,Beni Mellal,Tadla-Azilal,Beni-Mellal,AP
KUL,HLLB,Sân bay qu?c t? Kuala Lumpur,32.1011324,20.27332791,387,,Africa/Tripoli,BEN,LY,Benghazi,Banghazi,,AP
SIN,YLMQ,Sân bay Changi,-33.033333,151.66667,26,,Australia/Sydney,NTL,AU,Belmont,New South Wales,Lake Macquarie Shire,AP
CDG,VOBI,Sân bay qu?c t? Charles De Gaulle,15.16220255,76.88153286,1505,,Asia/Kolkata,BEP,IN,Bellary,Karnataka,Bellary,AP
MRS,EGXH,Sân bay Marseille Provence,52.34289805,0.770808943,180,,Europe/London,BEQ,GB,Thetford,England,Norfolk,AP
MPL,EDDB,Sân bay Montpellier,52.3976851,13.5367764,239,https://ber.berlin-airport.de/,Europe/Berlin,BER,DE,,,,AP
NCE,LFRB,Sân bay Nice,48.4428384,-4.4197626,344,,Europe/Paris,BES,FR,Guipavas,Brittany,Departement du Finistere,AP
FRA,PABE,Sân bay qu?c t? Frankfurt,60.78043015,-161.8402619,111,,America/Anchorage,BET,US,,,,AP
LON,YBIE,Sân bay London,-24.23,139.445,301,,Australia/Brisbane,BEU,AU,,,,AP
MEL,LLBS,Sân bay Melbourne,31.25,34.8,869,,Asia/Jerusalem,BEV,IL,Beersheba,Southern District,,AP
SYD,FQBR,Sân bay Sydney,-19.79742665,34.91058303,39,,Africa/Maputo,BEW,MZ,,,,AP
DRW,EGUB,Sân bay qu?c t? Darwin,51.63333,-1.083333,216,,Europe/London,BEX,GB,Benson,England,Oxfordshire,AP
AKL,OLBA,Sân bay qu?c t? Auckland,33.8180749,35.49080523,42,http://www.beirutairport.gov.lb/,Asia/Beirut,BEY,LB,Baabda,Mont-Liban,,AP
CHC,NGBR,Sân bay qu?c t? Christchurch,-1.35472,176.0070038,26,,Pacific/Tarawa,BEZ,KI,,,,AP
WLG,SGBN,Sân bay qu?c t? Wellington,-20.2311349,-58.17057022,242,,America/Asuncion,BFA,PY,,,,AP
BKK,,Sân bay qu?c t? Survanabhumi,58.183334,-152.13333,262,,America/Anchorage,BFB,US,,,,AP
HKT,YBMD,Sân bay qu?c t? Phuket,-15.8736,145.3300018,59,,Australia/Brisbane,BFC,AU,,,,AP
LOS,KBFD,Sân bay qu?c t? Los Angeles,41.802223,-78.63944,2125,,America/New_York,BFD,US,Bradford,Pennsylvania,McKean County,AP
MOW,EDLI,Sân bay qu?c t? Moscow,52.016666,8.55,351,http://www.flugplatz-bielefeld.de/,Europe/Berlin,BFE,DE,Bielefeld,North Rhine-Westphalia,Regierungsbezirk Detmold,AP
CPT,KBFF,Sân bay Cape Town,41.87685875,-103.5949185,3959,,America/Denver,BFF,US,Terrytown,Nebraska,Scotts Bluff County,AP
JNB,KU07,Sân bay OR Tambo,37.5458239,-110.713199,4150,,America/Denver,BFG,US,,,,AP
RGN,SBBI,Sân bay qu?c t? Yangon,-25.4048327,-49.23165095,2998,,America/Sao_Paulo,BFH,BR,Curitiba,Parana,Curitiba,AP
ATL,KBFI,Sân bay qu?c t? Hartsfield-,47.5371,-122.3037,36,,America/Los_Angeles,SEA,US,Boulevard Park,Washington,King County,AP
BOS,ZUBJ,Jackson Atlanta,27.300278,105.301389,4898,,Asia/Chongqing,BFJ,CN,Bijie,Guizhou Sheng,,AP
DFW,KBKF,Sân bay qu?c t? Dallas-Forth Worth,39.733334,-104.86667,5390,,America/Denver,DEN,US,Aurora,Colorado,Adams County,AP
DEN,KBFL,Sân bay qu?c t? Denver,35.4372678,-119.0592237,479,,America/Los_Angeles,BFL,US,Oildale,California,Kern County,AP
HNL,KBFM,Sân bay qu?c t? Honolulu,30.683332,-88.23333,200,,America/Chicago,MOB,US,,,,AP
LAX,FABL,Sân bay qu?c t? Los Angeles,-29.0922444,26.29668178,4425,,Africa/Johannesburg,BFN,ZA,Bloemfontein,Orange Free State,Mangaung Metropolitan Municipality,AP
MIA,FVCZ,Sân bay qu?c t? Miami,-21.009167,31.579166,1437,,Africa/Harare,BFO,ZW,,,,AP
MSP,KBVI,Sân bay qu?c t? Minneapolis,40.766666,-80.4,1187,,America/New_York,BFP,US,West Mayfield,Pennsylvania,Beaver County,AP
JFK,,Sân bay John F.Kennedy,7.583333,-78.166664,551,,America/Panama,BFQ,PA,,,,AP
PHL,KBFR,Sân bay qu?c t? Philadelphia,38.86667,-86.48333,669,,America/Indiana/Indianapolis,BFR,US,Bedford,Indiana,Lawrence County,AP
PDX,EGAA,Sân bay qu?c t? Portland,54.6616469,-6.2161746,213,http://www.belfastairport.com/,Europe/London,BFS,GB,Antrim,Northern Ireland,Antrim Borough,AP
SFO,KARW,Sân bay qu?c t? San Francisco,32.41083,-80.635,32,,America/New_York,BFT,US,Beaufort,South Carolina,Beaufort County,AP
SEA,ZSBB,Sân bay Seattle – Tacoma,32.95,117.333336,42,,Asia/Shanghai,BFU,CN,Bengbu,Anhui Sheng,,AP
STL,VTUO,Sân bay qu?c t? Lambert,15.2251616,103.2477758,679,,Asia/Bangkok,BFV,TH,Satuek,Buriram,,AP
MFM,DAOS,Sân bay qu?c t? Ma Cao,35.171665,-0.589444,1604,,Africa/Algiers,BFW,DZ,Sidi Bel Abbes,Sidi Bel Abbes,,AP
KUL,FKKU,Sân bay qu?c t? Kuala Lumpur,5.483333,10.4,4507,,Africa/Douala,BFX,CM,Bafoussam,West,,AP
PEN,,Sân bay qu?c t? Penang,33.166,117.057,77,,Asia/Shanghai,BFY,CN,,,,AP
NBO,SKBG,Sân bay qu?c t? Jomo Kenyatta,7.12665205,-73.18298397,3884,,America/Bogota,BGA,CO,Lebrija,Santander,,AP
HKG,FOGB,Sân bay qu?c t? H?ng Kông,-0.1072205,11.94279,538,,Africa/Libreville,BGB,GA,,,,AP
PRG,LPBG,Sân bay Vaclav Havel Prava,41.816666,-6.75,2011,,Europe/Lisbon,BGC,PT,Braganca,Braganca,Braganca Municipality,AP
